species,FUSE_min,FUSE_max,FUSE_mean,FUSE_median,FUSE_sd,FUn_min,FUn_max,FUn_mean,FUn_median,FUn_sd,FSp_min,FSp_max,FSp_mean,FSp_median,FSp_sd
Acanthocybium solandri,0,0,0,0,0,0,1,0.4057736049977705,0.3757232440529579,0.23745621101344278,0.16887954370466918,0.5439279518132977,0.3072455355149873,0.3080157961130494,0.059067790212414456
Achoerodus gouldii,0.8313677655491841,1.4458858916106583,0.9906811484309118,0.9558132459026292,0.20324716651643016,0.02418371379822258,0.4669949147200181,0.11173873516646828,0.05926006060997011,0.1479300322431564,0.5663093294742596,0.7698715067145904,0.62607843793957485,0.604410889467482,0.060472661244245184
Acipenser gueldenstaedtii,0.5691873208472331,2.222726200090948,1.277913176473547,1.188016880782922,0.5403127455795577,0,0.32089251827845855,0.10258590694974994,0.08356560585709452,0.0840335214757512,0.05366554591618323,0.8460399081595105,0.4769308535887051,0.4486048932878605,0.33277797281548377
Acipenser medirostris,0.8898191577440479,0.9009544272007369,0.8953867924723924,0.8953867924723924,0.00787382454316429,0.25039942887995537,0.25627625453947117,0.2533378417097133,0.2533378417097133,0.00415554327569473,0.9380206447183529,0.9689322363940478,0.9534764405562004,0.9534764405562004,0.0218577960911535
Acipenser nudiventris,0.42106961632611273,2.0059656317697536,0.7065425646741751,0.5143349666009566,0.5079565040927747,0,0.16993061952554406,0.019297850389035726,8.678411730964579e-4,0.056489297788086326,0.12957992502007806,0.8563238614086145,0.2593074777164858,0.1681314615783616,0.2338698039297906
Acipenser oxyrinchus,0.6695015485828725,1.3755152379685864,0.8354490271504363,0.7420162795470868,0.2174368650942099,0,1,0.20687234002615107,0.05010565990156543,0.31511626085691163,0.8580075173242533,1,0.9596173964123718,0.9892787634211266,0.0535861170693968
Acipenser persicus,4.993946666811928e-5,0.011323847046723082,0.008803532505951756,0.01101861385081558,0.004474242017336163,0,5.201856793737271e-5,2.0981480499779418e-5,1.930554601014377e-5,2.2855447926827317e-5,1.2485178416003796e-5,0.0028470511244816955,0.0021916442590113766,0.002730852731487174,0.0011264857799654618
Acipenser sinensis,1.329719804713068,1.329719804713068,1.329719804713068,1.329719804713068,0,0.04353279586354567,0.04353279586354567,0.04353279586354567,0.04353279586354567,0,0.5548470559996124,0.5548470559996124,0.5548470559996124,0.5548470559996124,0
Acipenser stellatus,0.5127005672151502,2.9929143096429742,1.4494290557134346,1.1462564072262187,0.9461834675168185,0,1,0.3300082529686458,0.24768540170035652,0.2957104703409278,0,0.8647255236580472,0.40157063451169844,0.34808318071681715,0.4168058328392054
Acipenser sturio,2.3199267553176033,2.3199267553176033,2.3199267553176033,2.3199267553176033,NA,0.31350095112641885,0.31350095112641885,0.31350095112641885,0.31350095112641885,NA,0.878539468189424,0.878539468189424,0.878539468189424,0.878539468189424,NA
Acipenser transmontanus,0,0,0,0,0,0.1500055629796074,0.9212172897193661,0.4844734004452034,0.43333537454091997,0.32170939810531585,0.9502104152096698,1,0.9719876598785973,0.9688701121523597,0.021308242079453886
Aetobatus narinari,0.5294850688868507,1.3374641051777396,0.8317503818980657,0.8250174137720673,0.1288858055039421,0,1,0.23368469887707635,0.2050285182717477,0.16100097644070205,0.6374390452448242,1,0.8784025898994927,0.900669379580475,0.0853445492033785
Aetobatus ocellatus,0.31227543179531614,1.4161022167506916,0.8202911075489795,0.7854788384863824,0.2294547387156646,0,0.7142848943995859,0.2362182543815083,0.16808767348240133,0.17995910456897085,0.14695827055794297,0.4822619382025438,0.2964193780919858,0.30361405164318034,0.07320276740946764
Aetomylaeus bovinus,Inf,-Inf,NA,NA,NA,0.0021058778307717226,1,0.326051839327152,0.2868035350525519,0.2344988158042092,0.04788388790206884,0.31759988523470617,0.1265085367431351,0.09872697770047259,0.07043484273988328
Albatrossia pectoralis,Inf,-Inf,NA,NA,NA,0.28260847258058147,0.4090892960008183,0.29406314805936173,0.28313785829202437,0.032345106839417534,0.2835382341883437,0.3164768410882208,0.2927737044833837,0.29167637400073254,0.009998867089206
Alopias pelagicus,0.27520422272157785,1.49275795859505,0.7116831387636527,0.6730366299495172,0.178412375974389,0,0.9927969305070532,0.1714616045732707,0.138189100557616,0.13141176762820642,0.15644108182556912,0.4348216658457512,0.273262918322435,0.2710716199020754,0.06063797134099583
Alopias superciliosus,0.1832565313509999,1.4317232861852867,0.5613009351407824,0.5378015028931686,0.16768047707148054,0,1,0.19059758268266597,0.16726387673737225,0.11465798324757454,0.09775800959174978,0.3385327171342378,0.14302975778059246,0.13533865969770684,0.031168099167254763
Alopias vulpinus,0.18763810336449682,1.6837907513309243,0.6783438559395977,0.5955197621364676,0.282209325832405,0,1,0.25011562323127423,0.19148783875486067,0.19562671179426655,0.09775482365668564,0.981159820529618,0.17921329334841374,0.14774773416151032,0.08295296120724852
Aptenodytes forsteri,0.9751295508634632,1.3111614252014494,1.259202928328637,1.2600087017354633,0.028916840596316665,0.40449356263620867,1,0.9786300562146375,0.979435338641828,0.04680419451702172,0.6915381218110397,0.9134696395920423,0.7813068947767337,0.7825904153489358,0.0368360630837882
Architeuthis dux,0,0,0,0,0,0,1,0.2789070291745602,0.15208662629996444,0.2947763233217067,0,0.5973390928458849,0.1266039127976654,0.05117427328497476,0.1452694746402776
Arctocephalus australis,0,0,0,0,0,0.05094213249801176,0.3779398834103408,0.20869755233127732,0.21364154679664912,0.10382327834732416,0.7959857099995689,1,0.853997778925867,0.8422170074241945,0.04161636231533415
Arctocephalus forsteri,0,0,0,0,0,0.00918907985660096,0.5995359236135074,0.18406042738082268,0.14474497451560348,0.12080115506737785,0.7484990991775645,1,0.936463997846364,1,0.0818520030152842
Arctocephalus galapagoensis,1.802956472921728,1.8029879836174092,1.802980105943489,1.8029879836174092,1.5755347840595846e-5,0.20442420662947774,0.20442420662947774,0.20442420662947774,0.20442420662947774,0,0.9203418512522142,0.9203813560518475,0.9203714798519391,0.9203813560518475,1.9752399816608257e-5
Arctocephalus gazella,0,0,0,0,0,0.04025224581406045,0.703597290613667,0.19861515555503903,0.20468644859961782,0.11131121923534443,0.7551674712229569,1,0.8954538499742218,0.8371518199675599,0.09584794687920002
Arctocephalus philippii,0,0,0,0,0,0.011635772466230735,0.5078034713467562,0.1560007028827596,0.12830938463592936,0.1273842271188211,1,1,1,1,0
Arctocephalus pusillus,0,0,0,0,0,0.09512089174868435,0.3764143408163612,0.22792476372330725,0.21460027248761795,0.08609963304266995,0.6908556786561659,0.9618219216038456,0.8147486123399863,0.8187118806398769,0.08116905419741585
Arctocephalus townsendi,0,0,0,0,0,0.08201993292201926,0.3259878156677842,0.19019424881129204,0.19323650800950795,0.08323875288407742,0.8310770053191696,0.952021810408941,0.9099256697447236,0.9202060096728485,0.04126161753281154
Arctocephalus tropicalis,0,0,0,0,0,0.045932411242137115,0.6252347356024333,0.1929338177206422,0.16916927833215953,0.14724523447740642,0.7741125205591161,1,0.9694617673668361,1,0.04989226971212616
Argyrosomus coronus,Inf,-Inf,NA,NA,NA,0.17276453831257643,0.3177263241314664,0.2086408741681367,0.18644541346131527,0.05577056991455162,0,0.20177471508221612,0.13038680823139734,0.17001821707644663,0.08258032565350144
Argyrosomus hololepidotus,1.4090634302888199,1.8565055760479257,1.5573546992656824,1.4256855135747166,0.21748290413845503,0.007676754345882826,0.20011072385583897,0.07038899501115102,0.013422560200954513,0.09300053121512657,1,1,1,1,0
Argyrosomus japonicus,Inf,-Inf,NA,NA,NA,0.003841526017836764,0.7207956919524005,0.3267661694010772,0.28656117891422117,0.18848309851747477,0.1109519204797254,0.35909582023828784,0.2405858514537719,0.23144344306446857,0.06390638493706569
Argyrosomus regius,0,0,0,0,0,0,0.9414768987850763,0.2926094487335871,0.2786308318323406,0.20498759002668515,0,0.4357219285258864,0.17440573507824197,0.13427134310883374,0.09180940133057425
Bahaba taipingensis,1.3336931842934416,2.44392835606193,1.697356926074319,1.4666317035738383,0.462680394224098,0.12083541328011192,0.8310992146080262,0.32751137118082935,0.15324765555064546,0.3022426946829057,0.3698345862849662,0.4299137542727828,0.4025065472800041,0.40489871689930595,0.021793994651024707
Balaena mysticetus,0,0,0,0,0,0,1,0.4330770499496778,0.40936141809295423,0.2935253277711196,0.5213813984350261,1,0.8472924999317776,0.9005821736643648,0.16161009723162048
Balaenoptera acutorostrata,0,0,0,0,0,0,1,0.25979172204406153,0.19135100730330856,0.23254112258421691,0.3424422337051744,1,0.6186497628095621,0.6045858251475948,0.08353468023978664
Balaenoptera bonaerensis,0.20723223441153002,1.3161486768318356,0.5987401642609691,0.5637201407730655,0.21629373401868393,0,1,0.19487742110386463,0.13487094258867122,0.221293925199383,0.23026824923028558,0.9548111581504702,0.5515664204606495,0.5351754569711658,0.13784905035799797
Balaenoptera borealis,0.7452209444364054,2.5918146186937348,1.4974065295890442,1.4299263993814295,0.3991620081381532,0,1,0.2215710091065427,0.14801993593809604,0.21701298150258466,0.28587298349358103,0.9816582287918393,0.6275657283066701,0.6132303185883846,0.12010222777123046
Balaenoptera edeni,0,0,0,0,0,0,1,0.22333607594313556,0.16570290523866504,0.1976712545751729,0.4653367756815183,0.961920306738217,0.6948098295884128,0.6740665747676378,0.09842948250662308
Balaenoptera musculus,0.7833033987165099,2.772588722239781,1.5760649401035793,1.541293903326444,0.40066567746493364,0,1,0.24939591114558346,0.1972001900105853,0.2197088364680512,0.2939822979799998,1,0.6553847229562457,0.6362838619253092,0.13613053385157967
Balaenoptera physalus,0.8325966077833512,2.1972245773362196,1.3524238837873326,1.2889357593643511,0.2899990275709005,0,1,0.27360130845014485,0.22705713996263177,0.21980803829614962,0.38129771771609033,1,0.8054660300669324,0.8452616214109954,0.16904576986595665
Bathytoshia centroura,0,0,0,0,0,0,0.8700753764761527,0.25788012376913877,0.24438349684330968,0.18537905362472457,0.18553229663367496,0.4752990319014549,0.3009304453160924,0.28460483119204527,0.06677621287713041
Bathytoshia lata,Inf,-Inf,NA,NA,NA,0.10703163261679882,0.27868121437500526,0.17677788834595765,0.11246374774618012,0.09305101392398572,0.4541428944343409,0.5000383760007266,0.46563933747290426,0.45804270208062176,0.019492636726582756
Berardius arnuxii,Inf,-Inf,NA,NA,NA,0,0.8334525378222426,0.22298255192636074,0.2101077534815334,0.14913511312307906,0.1706901782473233,0.6476917087187876,0.2754153884756261,0.26914285579966796,0.05939504483989734
Berardius bairdii,Inf,-Inf,NA,NA,NA,0,1,0.3382644757263451,0.24805205109367812,0.3038681194397412,0.37717996156683936,0.755036640057263,0.5619844969215573,0.5514726104475767,0.07717967297237206
Beringraja binoculata,0,0,0,0,0,0.07089655207941868,0.9555695170493277,0.48795088395881475,0.4653729961536909,0.22517740121917842,0.4357167747323257,0.7147044429518048,0.567737771329936,0.5584424251503443,0.07872071632974047
Bolbometopon muricatum,0.7417761247365953,1.9056972716067082,1.0646755542033757,0.9218421517029161,0.30712890148862376,0.0603645190046118,1,0.2500969579785833,0.09769124766758627,0.25173551004072886,0.34822989497704515,0.6337499167557122,0.5153980733125427,0.5274628718541827,0.064593499536947
Callorhinus ursinus,0.19303748318260525,1.553891569691933,0.9149174368122751,0.8487019738350015,0.27715090184901003,0.03682929338164286,0.8248926249920109,0.3290326234668041,0.3315999927428858,0.2092755810712309,0,0.550888646224377,0.30535099029587653,0.40513925216355606,0.2022562187844644
Caperea marginata,0,0,0,0,0,0,0.7319325335754369,0.1922919521108644,0.16731846600134617,0.1434237299018282,0.28222258001402883,0.7692646219044894,0.48503557180243373,0.48683463395343396,0.09239080623220768
Caranx ignobilis,0,0,0,0,0,0,1,0.157695290153083,0.11906297783708834,0.1497757361794594,0,0.2143921843222954,0.09671732883706823,0.09898341606506414,0.05810787128163674
Carcharhinus albimarginatus,0.06341137242198694,1.1573809485203401,0.6167775339181336,0.5908097070606142,0.25838652322577604,0,0.7680529566419462,0.2991149450744604,0.28009249747658704,0.1998743944220704,0,0.2591098035984494,0.10161174219170711,0.07619454381043775,0.06727451035420304
Carcharhinus altimus,Inf,-Inf,NA,NA,NA,0,0.9028445818510223,0.236889921143256,0.18467055477502298,0.18558785171504588,0.1309845764197293,0.34488614707947496,0.21835377464661196,0.21071710909874763,0.051321117574362536
Carcharhinus brachyurus,0.14677145212850776,0.9227695997236163,0.4105299721317006,0.38168648460025945,0.16356377834830219,0,0.7819960032067514,0.23268358121646074,0.20495969349362214,0.17606244738150517,0.061584562404542055,0.5156444929858246,0.23948450702187773,0.23749143801163036,0.1107146429760046
Carcharhinus brevipinna,0.25468067890121926,0.9236638602874041,0.5075646055168651,0.46881116703324077,0.1538932084324306,0,0.9099932859389982,0.2657641513467344,0.19847948647469688,0.2003674637148343,0.22521014825207175,0.47488197497934953,0.3285269173022614,0.3337080010312651,0.04186048631673602
Carcharhinus falciformis,0.07941471415046701,1.225868250319001,0.623653694885291,0.6042023883264701,0.20648310092757027,0,1,0.20997448361105903,0.15431704914288213,0.16266057081414256,0,0.39970323283638565,0.17831245610607552,0.19702300392029,0.08815748115039089
Carcharhinus galapagensis,0.11640913635443956,0.7517567743394242,0.3952444474863744,0.3737313439150972,0.1400264573187343,0,0.8184601376516513,0.24730783665813078,0.19529928188373166,0.18018496874693318,0.10255118319867737,0.33344775324174303,0.20319424124590532,0.2096373756221458,0.04947936125578162
Carcharhinus leucas,0.5221722731177979,1.1075269195615451,0.7903562184029571,0.762170080942264,0.14495984514113713,0,0.8347799579177971,0.26113767320689113,0.20409582959638825,0.1874181678512674,0.561238801648715,0.9249582544372992,0.767840709808931,0.7913091310983018,0.07123132786746747
Carcharhinus limbatus,0.27944239060488923,1.1531999549993004,0.5791182781183796,0.5619175703837737,0.13600550552251187,0,1,0.2321327661897972,0.18013842927410914,0.18216233785948763,0.29191927669117096,0.6432786907726266,0.4646520799188392,0.4708378543518913,0.07437325174131089
Carcharhinus longimanus,0.397989965052423,1.754991691600113,0.908797900806794,0.8274603035242711,0.25417929756239915,0,1,0.30423837572164286,0.2187746001948825,0.21906594734877344,0.1844325552009654,0.5824842466303592,0.2974318117792944,0.2923819611197306,0.052408432989036864
Carcharhinus obscurus,0.0794548469430877,1.3707837181909195,0.6076743283697299,0.6178899879126549,0.2399481800708482,0,0.9308299643644177,0.2557320991939462,0.18483998079536784,0.19044099555233734,0.02880176399662233,0.40289170772064214,0.12977471037637475,0.11120992516445133,0.07687106608859871
Carcharhinus perezi,0.34540507046647356,0.8224102800460765,0.5666359203106538,0.5677439482214942,0.1340178844948293,0.042947502175989034,0.6341933370285199,0.2951133909093335,0.28506621697052364,0.17562402048272324,0.2675135373245936,0.5080078793077868,0.37357808479686533,0.37122139711589097,0.03861594841322494
Carcharhinus plumbeus,0.10337610167490945,1.390990926055672,0.6171148011021877,0.5804099691019631,0.24985256760687616,0,1,0.26378798347562304,0.19661624205541572,0.1984521016700501,0.02760349843738358,0.37322979165735526,0.12822938017080773,0.11317668218750085,0.062047579967215355
Carcharhinus signatus,0.28299906511830836,1.3923078482726243,0.6910260296140986,0.6354542246274684,0.252853088160633,6.648133400600553e-4,0.6165678811045476,0.22886315246466302,0.18210058494264003,0.15000381570528457,0.12927811022070948,0.566120495058254,0.20218037209741518,0.18204798940661404,0.08678945760160893
Carcharhinus tilstoni,0,0,0,0,0,0.04906638607567277,0.6158801777668608,0.2657101120733385,0.21834642011176167,0.19168046106510991,0.3688182814125005,0.4804225788553426,0.42827772475212156,0.4353472092184487,0.029182710440840833
Carcharias taurus,0.17435901932806114,1.4219800480868876,0.71298833465522,0.7002020843646772,0.26083370103654124,0,0.7474417568866117,0.24871028061108705,0.19822596469594805,0.18707320940747982,0.07936192661685143,0.4675043287607055,0.20700365309408086,0.1816965605130859,0.08917432480370618
Carcharodon carcharias,0.16008210089414132,1.895835570787912,0.8417054651277089,0.7796767018517539,0.30328859803351954,0,1,0.3665902552852862,0.25359326880976546,0.2702393555590275,0,0.6327887118513421,0.20456388940054326,0.18065456690113696,0.09298213040740486
Caretta caretta,0.3410959567276655,1.4953603471324508,0.9095490037193728,0.8859157078073505,0.13845824684657823,0,0.48540596731309404,0.07997792644789961,0.06431156349846273,0.06306159257980241,0.17362598491895687,0.8267343396682059,0.5812447149274429,0.5877763268257812,0.10485700581511495
Centrolophus niger,0,0,0,0,0,0,1,0.29605473203160576,0.2669066756885765,0.22116465338671018,0.08339645584579397,0.4352255887483724,0.2271285909670805,0.22311465311940426,0.0889600873503185
Cephalorhynchus commersonii,0,0,0,0,0,0.010504335942063724,0.5635444939386711,0.29521784359216074,0.31527747578331466,0.19487783225695995,0.2695417636109525,0.3753145383627612,0.3096449985427642,0.3148704779501411,0.031493992043353236
Cephalorhynchus eutropia,0.5238639974361257,0.8902110698054573,0.7001321112953972,0.675288540065146,0.13402012499988347,0.00936189914329488,0.45516157363126647,0.20195359014131584,0.16065818020739742,0.16238817218728974,0.6728782556420693,0.708951491825028,0.6892910897796054,0.6914389752498501,0.011662777831897375
Cephalorhynchus heavisidii,0.48323090952805875,0.7742233650342056,0.6110730775270886,0.5708752977395635,0.1255431791757715,0.059007344012093565,0.3962883651444385,0.22478001455326307,0.21478163486614893,0.14003959834209373,0.45582402331392263,0.5542025789885217,0.5130616906070872,0.5285143096263427,0.04497715353284631
Cephalorhynchus hectori,0.8913113618135825,1.5144155010926106,1.246427364244199,1.2958614767182373,0.2851411461117382,2.0956144112830517e-4,0.33826158746573537,0.185182478848745,0.21108379973295482,0.1607690576415691,0.41244746096281387,0.49305162551975534,0.44444589209339597,0.4188996689215195,0.03834338637052413
Cetorhinus maximus,0.6862683495362454,2.018286626857841,1.2422347056970564,1.1663283066410706,0.29590776599023244,0,1,0.36183443379878155,0.2465213150034913,0.26272227379966656,0.4160328509673956,0.8355444990482248,0.5500017638718864,0.5389372562976428,0.07217532483700022
Cheilinus undulatus,0.4604839512797662,1.0681411323936836,0.6224715439394659,0.570656660055824,0.1926623987240173,0.05229797847090842,0.3885706622883257,0.15035615760225787,0.12754285574609053,0.1049849001990596,0.08653627284853678,0.12330339502078387,0.1036625318147754,0.10551220885950169,0.013309884523010426
Chelonia mydas,1.3995327247697984,2.772588722239781,1.7214300594978764,1.6748830911665498,0.1978063501477866,0.00444212624969468,1,0.15456514096757754,0.12770045669612512,0.11015637358246456,0.7140390944038607,1,0.9703885717517995,1,0.06020968702603619
Clarias macrocephalus,0.5783057353039404,0.766295986066742,0.6771865921038845,0.6889177859108102,0.07576722985859755,0.10428379261128409,0.301292501957037,0.20693095907297934,0.22988566677300173,0.07762320296688134,0.4998604552426145,0.7417257433937291,0.6175264388341118,0.6176614266592368,0.06474309249763843
Conger conger,0,0,0,0,0,0,1,0.39697902766658344,0.3640284016231063,0.25690478424874014,0.27671842193728063,0.701628692925835,0.3541762206004833,0.3301163052248231,0.06919612717758654
Conger myriaster,Inf,-Inf,NA,NA,NA,0.046226694184137426,0.8404827124998948,0.38973773630779635,0.3454597950052739,0.21989998255335033,0.2921338003707701,0.4676259452798199,0.3556860335595219,0.3448028917242143,0.047424859671673605
Cystophora cristata,0.9512792315869656,1.845406376819677,1.3590379779766202,1.371721930384873,0.20891164794541478,0.011044258094108729,0.8225452449292504,0.3278557180282432,0.31592640755347307,0.16647297632454672,0.31257252208990466,0.9935568600929706,0.7085149226161767,0.7252764214807775,0.1477347313064475
Delphinapterus leucas,0,0,0,0,0,0,1,0.42704808008733325,0.4043520801353763,0.29639122299239773,0,1,0.12531105321909725,0.08908041863285251,0.16829580452993936
Delphinus capensis,Inf,-Inf,NA,NA,NA,6.096905269198829e-5,0.910035655128355,0.25721433044189584,0.2060248456555917,0.1876419714076366,0.1100119034778728,0.31340224886674056,0.17988000461170373,0.17339128088126698,0.03475813299464847
Delphinus delphis,0,0,0,0,0,0,1,0.25414471019619683,0.20468977467441518,0.22726907724841675,0,0.9416332122819924,0.16590856360492387,0.1337467978960244,0.11123487150792086
Dermochelys coriacea,0.5911401751168861,2.0928797551476825,1.266985467652093,1.2370267897304807,0.24968219110377088,0.0298411598786691,1,0.2916491046226793,0.2707403570880401,0.19797586772503356,0.29221709930936607,0.9320316208082877,0.6535755536242768,0.6452018063833164,0.08602358658967263
Dipturus batis,1.0238242713814723,2.56727744208725,1.7535911598161396,1.768061826962818,0.3565553019105303,0,0.7057301204292068,0.27509405716418234,0.24959833943253876,0.1768329023558077,0.3704513924192915,0.614567627549389,0.48041186098384153,0.4775091866182698,0.07072000522454229
Dissostichus mawsoni,Inf,-Inf,NA,NA,NA,0.005802860728685506,1,0.3284205439352335,0.22575664116181798,0.3004010086669989,0.14255171541213682,1,0.46652036112021794,0.4022302980446641,0.2524286247052737
Dosidicus gigas,Inf,-Inf,NA,NA,NA,0.03712497946952644,0.2447000091807607,0.14707341616571143,0.10071374368996272,0.08111234620600802,0,0.05339577751245555,0.012062586815533379,0,0.01566098484661669
Dugong dugon,0.8746300402247658,1.3827902124881726,1.1333684552039804,1.150225575481206,0.11667579080943952,0.07282458741095416,0.3682009663689321,0.2434303285482238,0.2509997730067606,0.07819567938547427,0.3730505763923635,0.722341840274146,0.5529108074678016,0.5726436558631472,0.07147543020683819
Elagatis bipinnulata,0,0,0,0,0,0,1,0.27297275184825787,0.3689869221827719,0.21797237947063994,0.03898286613699042,0.3193659671598079,0.1161186941310698,0.10051715206763459,0.07178504564332229
Eleutheronema tetradactylum,Inf,-Inf,NA,NA,NA,0.005549934775177251,0.29101436156240995,0.23299436235988202,0.2765553842328865,0.10252965429612995,0.59219211075428,0.6342793610401487,0.6075166926740327,0.6113924071905633,0.013855464057393572
Enhydra lutris,1.1083539246056795,2.464312175668825,1.702996843960225,1.5987461133290246,0.35893730887666386,0.02946298790120654,0.821557766309007,0.26443402079951256,0.1681193868669847,0.21892151472111193,0.5040134501020653,1,0.7583653383926542,0.7926211765770446,0.12556518607095557
Enteroctopus dofleini,0,0,0,0,0,0.03712497946952644,0.4663443800897489,0.0846714807718865,0.03712497946952644,0.1268768075253357,0.19624918166319022,0.2511455690852858,0.20854340134293115,0.19866576935292415,0.015454148973756453
Epinephelus chabaudi,0,0,0,0,0,0.022465870894748125,0.9069481534831589,0.28181452668512014,0.24657940484843363,0.2154531240737257,0.5171558964504267,0.7175490137005207,0.6046445072121841,0.6169614567896302,0.05728059242985729
Epinephelus daemelii,0.5130100671741866,1.2130171775502447,0.8787402407587425,0.8617405688183044,0.192093492075131,0.0504517693611678,1,0.44098894271206485,0.40848731483331285,0.27279630148906003,0.5710381270980416,0.8497013089643232,0.6993861541626366,0.7091899599876759,0.06673865423198332
Epinephelus goreensis,0.3724580262794087,1.0012894963384742,0.7126597141376211,0.713576458944503,0.18301520868692506,0.027368157199079535,0.9034969982656711,0.4375640928776527,0.4400356674210429,0.25858675643891343,0.40045027838905906,0.4962048263205608,0.44181304093006346,0.4354318552561188,0.030790864708057378
Epinephelus itajara,1.0465439792797946,1.48279091969312,1.3105496325094534,1.3430675438278161,0.09725490976353475,0.06853818133599432,0.3725823161925772,0.25758195186951854,0.2703311686894154,0.06709197110307905,0.6037165483648939,0.7990655742760424,0.7303818400230618,0.763480388108816,0.061846946909209256
Epinephelus lanceolatus,Inf,-Inf,NA,NA,NA,0.032961645375355605,1,0.41775556422034155,0.3486998068468387,0.2510867776126935,0.27282790953565705,0.6749952555529901,0.48883287068144865,0.5042885920765242,0.07519496418308252
Epinephelus latifasciatus,0,0,0,0,0,0.005990915630650682,0.8923725029191512,0.32569962271070363,0.2983420557086006,0.2258595261678148,0.21058793000597104,0.5026739093975072,0.33855941498366854,0.3351982685293283,0.05948522577706694
Epinephelus magniscuttis,0,0,0,0,0,0.040577372142091464,1,0.47036919520168,0.43921947739228157,0.2820099922967818,0.279835146615439,0.48531769078478254,0.38079508746534724,0.3739252098717247,0.06320155121478499
Epinephelus malabaricus,0,0,0,0,0,0.00767468357066709,1,0.4608370469826841,0.4489279674769902,0.28616746978804225,0.19728805212847697,0.4700064589233087,0.3488196046286909,0.3348973326003027,0.06394421442771331
Epinephelus marginatus,0.31765189760632134,1.696004701013797,0.9249789662770574,0.8816441136703163,0.29762049510085453,6.821479564166046e-6,1,0.2913834299103954,0.2137173656089569,0.2507746306414239,0.18323796797698658,0.496885494271452,0.33413923926426775,0.3247754030809335,0.08135225546542155
Epinephelus tukula,0,0,0,0,0,0.04057073736803355,1,0.48278841107257664,0.4316555640724471,0.2861267620468146,0.22417587738314507,0.4364642560652463,0.31315331414538067,0.3043795401146619,0.04658575002689783
Eretmochelys imbricata,0.9986550516097897,3.2188758248682006,2.0355128813453085,2.0566340892846937,0.29529443761470053,0,1,0.2520712159581307,0.2689082637255334,0.1589718653633773,0.4252789651482456,1,0.7535939073578727,0.7514802763190052,0.12468761971674851
Erignathus barbatus,0,0,0,0,0,0,1,0.2854657001712074,0.168022732204597,0.2984374955967279,0,0.9777658471456139,0.6826280366955484,0.748862843995924,0.25281055637110056
Erilepis zonifer,Inf,-Inf,NA,NA,NA,0.036985360784358906,0.09170773025379672,0.05076606577133938,0.04353279586354567,0.017050797621682184,0.47973264996302306,0.49745794254486003,0.485572132336071,0.48472648454792744,0.005337737786115596
Eschrichtius robustus,0,0,0,0,0,0,1,0.29435678742892984,0.2623098352018041,0.21271003671303323,0,0.36839234543160815,0.16627910746480667,0.1793230763266699,0.09460965252304442
Eubalaena australis,0,0,0,0,0,0,0.8079855444565885,0.2045022110480504,0.19073832857235093,0.13376171135045162,0.5613329479803201,1,0.7603540688598006,0.740070213970902,0.09916498000223989
Eubalaena glacialis,1.1227558635965171,2.6350789558283925,1.7002255046940262,1.6819594420973587,0.2835278457062967,0,0.9659425373338207,0.25216382492061606,0.23387619469940987,0.17818151968310947,0.6200864099757875,0.9393194306322178,0.7513111099696786,0.7448031578124897,0.0720187033629426
Eubalaena japonica,1.0318102215288285,2.5110332117804233,1.6406115832510966,1.6336381705096732,0.3217045990906147,0.0043265636673567006,0.9803827615021401,0.30446102585080326,0.24897146232938158,0.22206230924284207,0.45862984523841,0.742397948681614,0.613810171368062,0.6052852451701859,0.06158524065925244
Eumetopias jubatus,0.37730896714313567,1.1985743853904376,0.6852055861192687,0.6403812548564906,0.19980336380519814,0.0016471329223212083,0.9061083625977436,0.23224646122815085,0.11786202219595862,0.22816493564175072,0.2729066768063692,0.9993635421409158,0.6417954832184578,0.6108670575364812,0.15796677063152306
Eusphyra blochii,0.32057052237054023,1.5900811303373286,0.9468504438878831,0.894148566864619,0.29987288334928786,0,0.6688288555137766,0.2745686314701935,0.2078859158470387,0.1821965386532458,0.07573185825596113,0.27943622809298296,0.16075206029057104,0.15724027036327606,0.040232200752618553
Feresa attenuata,0,0,0,0,0,0,1,0.2380535439927531,0.20674591053644648,0.1776514941092316,0.14863494904303762,0.5235856112418956,0.3024120167195679,0.2648013329100164,0.09459572507218433
Gadus morhua,0.3208418491969075,0.8975764898336732,0.7509243760865115,0.8026273960126524,0.16586267595647522,0.029519500516586895,0.4294697327351312,0.32294508722270676,0.35990047211375786,0.1204556062247693,0.1432278614918012,0.18682501636247714,0.15245840227722715,0.14968863976055635,0.011063287940788417
Galeocerdo cuvier,0.09802102371866045,0.9627343083485758,0.41673900058808677,0.38109362751794984,0.1649899191067923,0,0.8320758482565591,0.27305165938529846,0.20691068128971998,0.20183560548642726,0.06673095827113193,0.4319486789030219,0.20888333106218357,0.19388517446905018,0.08128294421094105
Gasterochisma melampus,0,0,0,0,0,0,1,0.33570180871382715,0.27294720669403727,0.2925576339113854,0.02282169736203995,0.2983913634089509,0.13712361774612453,0.13487345312261123,0.05513237229309469
Ginglymostoma cirratum,Inf,-Inf,NA,NA,NA,0,0.904774450306346,0.22876557268834524,0.17676514086961542,0.18229728616671087,0.4145666624700059,0.6218947047295184,0.5218732985700454,0.5344130450771712,0.05557809086062435
Glaucostegus cemiculus,0.7722376949351332,1.67701033956105,1.1739969414752758,1.1414319270190492,0.242680858445381,0.03250952405126937,0.5456670914007238,0.20530654466529497,0.15286706168456254,0.1323584730185697,0.29144158188443453,0.47114341631011913,0.3536064885301103,0.3482168837666707,0.04329678696960243
Globicephala macrorhynchus,0,0,0,0,0,0,1,0.2475492494380564,0.21861418517207531,0.17448037009343567,0.23209383962079486,0.7118403636939116,0.5171248375269626,0.5129427823362926,0.05742769511708649
Globicephala melas,0,0,0,0,0,0,1,0.23839542559841315,0.21233581468466253,0.16553134262410427,0.31221662028983616,0.8168426577737672,0.5085508127155454,0.48647622651336814,0.09335309244424662
Grampus griseus,0,0,0,0,0,0,1,0.2381879443652782,0.1967786628594242,0.18281750163069746,0.16406514645796733,0.7923776620975848,0.34550146435667844,0.3109172550801916,0.10962801352718678
Gymnosarda unicolor,0,0,0,0,0,0.03337498561783736,0.6258763639781952,0.26306974576456216,0.23031456594833413,0.1294640948650723,0.1936523561055247,0.5348391464089218,0.2941529619865754,0.27535384908956634,0.0714888194420962
Gymnura altavela,0.5548320128655284,1.593060650053489,1.027192126618577,0.9925420658818174,0.2765083227905092,0.0021273410941809417,0.9915233910834207,0.3733677066115035,0.327999848367221,0.26902232348728405,0.2153597965217859,0.5275327905701256,0.3399479749696748,0.32380098037034166,0.07952501268792618
Gymnura natalensis,Inf,-Inf,NA,NA,NA,0.041180210603359774,0.2748218769270479,0.1528728837006436,0.15763721088154006,0.07261021043980034,0.3398285477157633,0.5065638894692388,0.42929883780711475,0.463996995977305,0.06507860883672183
Halichoerus grypus,0,0,0,0,0,0.061178974458430124,1,0.31699819769918974,0.26367067332982014,0.26220697204095106,0.28841898903703617,1,0.6685802680668875,0.6824432848003484,0.1366863734682342
Hexanchus griseus,0.05469307702017375,0.9750361503551632,0.4286094483756645,0.4205395606218024,0.19199644606667043,0,0.9749864839381024,0.3095493132152674,0.2640421715745115,0.21251097186627538,0.020535959159439773,0.5027136973156774,0.19281528159785502,0.17969323993813172,0.11960212081613428
Hexanchus nakamurai,Inf,-Inf,NA,NA,NA,0,0.9019718361662478,0.2837321464938282,0.23658060153982524,0.20669482319695998,0.16863858912848473,0.4761994039978387,0.2955265354887436,0.2842292837434763,0.07229803280032097
Himantura uarnak,0.7312107254044405,1.9391644679186824,1.2195185087485962,1.1744685321910338,0.26886819049597976,0.012416963652634488,1,0.2952772764683387,0.21218512984452717,0.23467921853906215,0.4333142457055558,0.7650565255611815,0.6059288865088338,0.6219306937012204,0.0739915920372736
Hippoglossus hippoglossus,0.46332110313805397,0.9849731394827781,0.596906511110034,0.5612125695242876,0.12720457036305702,0.15796927447498632,0.49682844432797274,0.20846916691483494,0.19401670232700244,0.08790381682124256,0.024074889141811055,0.0821875067198791,0.04338704247316314,0.03749337323295391,0.01476140575014657
Hippoglossus stenolepis,Inf,-Inf,NA,NA,NA,0,0.3484498242673824,0.2676166581900107,0.32794199493883874,0.11773349949473466,0.034237706237710955,0.059693187339251816,0.04383072769515957,0.04436735563061842,0.006482043926322631
Histriophoca fasciata,0,0,0,0,0,0.008593208327009053,0.9154040192687971,0.3130154638461843,0.24052469339593505,0.23293024684642036,0,1,0.5403173839305225,0.5409604900193324,0.25481225313271244
Hucho taimen,0.3857073390219343,1.7082760306929887,0.7975588377692795,0.48972193667249775,0.4670835076996453,0,1,0.2771563177245562,0.1587494038080829,0.376321196667733,0,0.7701823496361098,0.3050049996190902,0.3054964747572743,0.2202704861373871
Huso huso,1.2062489905543343,2.075454840009327,1.5884360019612755,1.5845809910843984,0.2798394015296386,0,0.14975458363033395,0.0745108731480871,0.11115623205875418,0.06271816083026932,0.585232315589072,1,0.7179972155142156,0.724045204310018,0.12866075273572938
Hydrurga leptonyx,0,0,0,0,0,0,0.9977192488577653,0.4085012140861007,0.43450343134364267,0.22543636810450957,0.28726580470997404,0.9403186505489903,0.6970013886183634,0.7120400199179016,0.09825061705164057
Hypanus americanus,Inf,-Inf,NA,NA,NA,0,0.6875298642913221,0.3678204776756966,0.37677909605218063,0.1988409997532302,0.2744905054929833,0.42446741903773144,0.36766102567394976,0.3704861541815391,0.03152060735761425
Hypanus dipterurus,Inf,-Inf,NA,NA,NA,0,0.5925031168357263,0.2790825535274418,0.15675460512233463,0.2124522176096461,0.30995118114693915,0.4892539694415843,0.4152184465238633,0.40897534222601467,0.04691776227523135
Hyperoglyphe antarctica,Inf,-Inf,NA,NA,NA,0.04353279586354567,0.39767891948167955,0.2303582552245017,0.3783049666768845,0.16046800069888453,0.20220405340838848,0.23704207939872995,0.20937416603316883,0.20842427425449045,0.00804921234280379
Hyperoodon ampullatus,Inf,-Inf,NA,NA,NA,0,0.9747812859671068,0.26765334082021897,0.2534849829584552,0.1918195800529122,0.2897226016326152,0.5892090184557077,0.48561083525336846,0.4957398099997271,0.054705348183091446
Hyperoodon planifrons,0,0,0,0,0,0,0.7843506747863288,0.2902939276410198,0.2548853295400534,0.16949345165838353,0.366521545239305,0.8072374865766866,0.5006752447674179,0.4688733242119699,0.09847748062595248
Hyporthodus ergastularius,0.45066594275211924,0.8490388916501174,0.6815445538846547,0.6590472540112587,0.14469709140074716,0.20831665448642053,0.8669137948788601,0.5723179639795558,0.5316389988840192,0.22557843210777104,0.22025381986212325,0.3307905314643559,0.2694619128608481,0.2696248307640225,0.038343142205819046
Hyporthodus mystacinus,0,0,0,0,0,0,1,0.3970306939555137,0.37023556333509233,0.2722910841807318,0.16494145971570817,0.38570768449489085,0.2634553809016524,0.2578799113247463,0.040703412143773265
Hyporthodus nigritus,0.2175352834551268,0.9616994365645923,0.46371533561190376,0.45864393956181687,0.17382539399800734,0.005949008668739896,1,0.2938228761501993,0.2629293725166653,0.221542193117483,0.16334472351207754,0.344258675422369,0.24576417634276918,0.24047159139143762,0.037495150189428124
Hyporthodus octofasciatus,0,0,0,0,0,0.021887456469540233,1,0.4461072902423598,0.439749044175662,0.3030161481988146,0.1707451229408022,0.4284748972523547,0.29224533814687614,0.28777512135042144,0.05703884034599469
Hyporthodus septemfasciatus,Inf,-Inf,NA,NA,NA,0.07062026583680715,1,0.39714306964170004,0.37659432260707004,0.23466694093776586,0.5153979146861667,0.7419656307369811,0.5922597064912265,0.5759846783249654,0.0600254466447694
Icosteus aenigmaticus,Inf,-Inf,NA,NA,NA,0.04353279586354567,1,0.20639613400621007,0.18371923196770637,0.13969500551105118,0.06117955886795986,0.3988073068222393,0.20999364444106838,0.24007831724480871,0.0857677568745123
Ictalurus furcatus,0,0,0,0,NA,0.32420689822319365,0.32420689822319365,0.32420689822319365,0.32420689822319365,NA,0.9174134026827792,0.9174134026827792,0.9174134026827792,0.9174134026827792,NA
Indopacetus pacificus,Inf,-Inf,NA,NA,NA,0,1,0.26131687286131483,0.23882628929768093,0.17710238130274256,0.4670119375889635,0.8439813050441334,0.6072289298824253,0.6025375943149405,0.08189883126785245
Istiompax indica,Inf,-Inf,NA,NA,NA,0,1,0.11298094156634575,0.028100721815498195,0.2089087809453006,0.16847513599696373,0.40241147208504263,0.23860463684754596,0.22561261156506948,0.04410969503708795
Istiophorus albicans,Inf,-Inf,NA,NA,NA,0,0.6317154746706211,0.1249549063517721,0.07660550990545943,0.1328934325659995,0.29070460942775317,1,0.5369446339491339,0.5256391650983995,0.1818732362140202
Istiophorus platypterus,0,0,0,0,0,0,1,0.19840613546676802,0.18428911803545092,0.1601730380369778,0.13964903286374217,0.6128638825693454,0.2570996095469411,0.23821988976408662,0.08109340875575613
Isurus oxyrinchus,0.05668202995958016,1.6155151631601128,0.5468259558634979,0.461665530267145,0.27885347423234985,0,1,0.2888860086418272,0.2132204021456613,0.2231627828288327,0,0.36493476825991683,0.06922789942095355,0.05742502196231207,0.06433093579465216
Kajikia albida,0.4137864473736618,1.5932487204465948,0.916638371136472,0.9263292009325206,0.17836357487102716,0,1,0.2450037924793546,0.24032024011847553,0.15586201650165915,0.2008439414757843,0.6645384231158162,0.3599803734248898,0.3532644390708448,0.09715626513557224
Kajikia audax,0.1592995091673261,0.9198959726401892,0.45351666168258287,0.44198470771669013,0.12394734976761503,0.012962277544482011,0.8515220255357006,0.22443241159859345,0.21254462612558553,0.1290444382019999,0.14254087044980296,0.5823737578584617,0.29567556129474193,0.28912838001461394,0.09938488310986586
Kogia breviceps,Inf,-Inf,NA,NA,NA,0,1,0.22964983640148529,0.2111222399236723,0.1667869662346074,0,0.21483359692791393,0.05309697292085042,0.030845482160045064,0.05484783058109313
Kogia sima,Inf,-Inf,NA,NA,NA,0,1,0.21838273936102778,0.1812572052301045,0.16008822666267442,0.10616600533391723,0.6296495988411944,0.23637603470673405,0.20301985494718344,0.08976200210247637
Lagenodelphis hosei,0,0,0,0,0,0,0.9353296588273523,0.23218506556779475,0.1981080666371556,0.14510341146232533,0.133510664165545,0.575064433901015,0.2636013175847413,0.25356259133242287,0.07073260636458947
Lagenorhynchus acutus,0,0,0,0,0,0,1,0.29093401979240885,0.20324820416010655,0.24596641471532546,0.08175828274058597,0.32209088145943665,0.21216537669632282,0.21289881392512064,0.04963053509196742
Lagenorhynchus albirostris,0,0,0,0,0,0,1,0.28466918501966193,0.23149405199902878,0.20467351596755293,0,0.14594671605870377,0.016271976974540407,0,0.03281531416333589
Lagenorhynchus australis,Inf,-Inf,NA,NA,NA,0,0.3308175365291656,0.19713842978000543,0.18917613364012092,0.10432136605807728,0.3778234034125455,0.5123314376162369,0.41561512586916566,0.41015149259101974,0.03269819673348198
Lagenorhynchus cruciger,0,0,0,0,0,0,0.8569037162911552,0.320111456608824,0.24848021327010877,0.24269859172705574,0,0.20766388603840935,0.08355119941858319,0.08167557026806033,0.05821831182408578
Lagenorhynchus obliquidens,0,0,0,0,0,0,1,0.31704735658853717,0.29665048072308065,0.21305599011215623,0.008755421647491848,0.3941813167656183,0.23727581126586897,0.24751811603907745,0.09842458946557331
Lagenorhynchus obscurus,Inf,-Inf,NA,NA,NA,0,0.9284467611321746,0.2025367457995484,0.1477255773870033,0.18958723963127835,0.12094467607858675,0.29826658129334654,0.1866421849505808,0.17924230017748358,0.0384769209100461
Lamna ditropis,0,0,0,0,0,0.0019669225272569172,1,0.4457955801844062,0.3418401525543205,0.30861150280303074,0,0.36794036534440777,0.07348224965640969,0.057886281674459104,0.06575461893529186
Lamna nasus,0.25659190214424404,1.683200564652445,0.9352165775390731,0.8797541069106056,0.35517248523251577,0,1,0.3423668650036013,0.25893696916449804,0.2822262234270257,0.11140282407083393,0.6271550130313736,0.30282139173506234,0.3042773000531813,0.11635478561527786
Lampris guttatus,0,0,0,0,0,0,1,0.41227234127908957,0.35624214056801473,0.27710346974411815,0,0.3447389429938687,0.08596648407788751,0.07932622024237347,0.06361604871608424
Lates calcarifer,Inf,-Inf,NA,NA,NA,0.040577372142091464,0.2713206154620072,0.17845743933667463,0.2009118287665587,0.08081174350500724,0.8161065839091904,1,0.9283456162713432,0.9721837498017142,0.07584786677238568
Latimeria chalumnae,2.1558714220302075,2.1636845062028685,2.1582177135840652,2.1558714220302075,0.003293755925695646,1,1,1,1,0,0.18177059947022928,0.18515727245966815,0.18278711418871266,0.18177059947022928,0.0014272363164021958
Lepidochelys kempii,1.2301825000363917,2.5540924278304966,1.5902413652036866,1.5781714604066135,0.19263583528141606,0.05261075988463523,0.7962980958251349,0.1359259366330255,0.10659054587460647,0.11376818976568849,0.42090120897500277,0.6800724509081967,0.5669401911100411,0.5936787042474839,0.06733589729796369
Lepidochelys olivacea,0.44413425691640207,1.7306307977680353,0.9644868157400245,0.9115453355214842,0.2066286196417935,0.030561579932171196,1,0.23052332519370958,0.15881577173073075,0.19576805348886875,0.1311126464810036,0.6098024411341084,0.42492821853281015,0.4308352596089407,0.06594339801332585
Lepidocybium flavobrunneum,0,0,0,0,0,0,1,0.330933378232575,0.2949317825932078,0.2149578325454013,0.05856693154895118,0.4566524051185343,0.1984087997021877,0.19619794607227664,0.08133643928857734
Leptonychotes weddellii,0,0,0,0,0,0.06642140723185558,1,0.5093632962486252,0.5034097707518086,0.1389098428665508,0.2010584768232079,0.9487996577268588,0.6742747907595041,0.6898166375659159,0.113554028359068
Lichia amia,0,0,0,0,0,0,0.6393950547184309,0.2823593315231076,0.3193193587258479,0.19920950635729798,0.428910396545433,0.7652269279995798,0.5723455616077054,0.548000980096146,0.07966071132509221
Lissodelphis borealis,0,0,0,0,0,0,0.8698260806461848,0.25070450675627853,0.16724718832491053,0.2503476714064521,0.11593978025127671,0.28989441107407304,0.1879970112693994,0.18398321288013436,0.03959239819763166
Lissodelphis peronii,0,0,0,0,0,0,0.970874851546913,0.2188391283947989,0.174443771335254,0.18130479369871894,0.16102963432389672,0.455924615552969,0.2658640202786525,0.25466600467884526,0.05490244330712919
Lithognathus lithognathus,1.1259166893727959,1.46486812149494,1.3393367441172694,1.3868772820526964,0.13799470570583022,0.11113643923606645,0.23725073838413827,0.1758288356393248,0.1729221622237445,0.04702770214867334,0.4336817603294251,0.550449700579761,0.5038569443296985,0.5129185665631045,0.04935241356233708
Lobodon carcinophaga,0,0,0,0,0,0,1,0.381816427252886,0.33955005017945344,0.2788091149223031,0.5527196520646194,1,0.9798316960179618,1,0.06572257936498585
Lophius piscatorius,0,0,0,0,0,0,1,0.3602607665630897,0.29862326393940647,0.24721019701331312,0.2334608379068064,0.6616324868485188,0.3189356983843145,0.2999999942008874,0.07942688892684306
Lutjanus agennes,Inf,-Inf,NA,NA,NA,0,1,0.12807243885289088,0.030275530151132924,0.28028032628683014,1,1,1,1,0
Lutjanus cyanopterus,0.9283824747679691,1.6947164102075791,1.2447529784061668,1.2152292855020792,0.16168875520340034,0.002885298745787708,0.6344809954396945,0.19052019102024206,0.164111011656017,0.12380752309859858,0.6220840225461736,0.8549990027329378,0.775985187395502,0.7921371120835723,0.05175375740600864
Lutjanus dentatus,Inf,-Inf,NA,NA,NA,0.0010029038033120207,0.355121118739662,0.22352958663545594,0.2388116561256664,0.10267195967203294,0.88999352475454,0.9097757602769572,0.896117066578541,0.8952050833208088,0.005575298168668364
Luvarus imperialis,0,0,0,0,0,0.006969899028321193,1,0.47439819372891173,0.43931649009856283,0.2782755423593073,0.4988539865372094,0.8238392882241957,0.6148869485176365,0.6015144943157992,0.051619968263795044
Makaira nigricans,0.31907417775942065,1.3889826003261236,0.681560019085312,0.6380623407601682,0.20159705797108504,0.0010029038033120207,1,0.2840086236960877,0.24351709544368805,0.16730252114826707,0.09473427730821195,0.3237364621520478,0.14380295620322123,0.13233424938088495,0.03781964093556145
Masturus lanceolatus,0,0,0,0,0,0,1,0.2829268891132268,0.26367671546291704,0.13478013203538727,0.18818241705835495,0.5891840796319036,0.3191275935724737,0.31062570301233333,0.08377907584246072
Megachasma pelagios,0,0,0,0,0,0,1,0.21605293786254096,0.1554872639022664,0.168236485922254,0.598790983305985,0.9847817775569775,0.7476214104074528,0.7269655145546434,0.06504587187002414
Megalops atlanticus,0.9775203242909499,2.1760609352268316,1.250824699069231,1.2099873832420052,0.20593746485684886,0,1,0.1619220268346513,0.10904997075875947,0.1685050384763122,0.716773221489117,0.9765254721200752,0.8546687539220471,0.8774868558275032,0.06599744302620218
Megaptera novaeangliae,0,0,0,0,0,0,1,0.27479574569891224,0.221503184454505,0.21246003540244973,0.23305681801892544,1,0.54630240405351,0.5146865405170195,0.1212965264030407
Mesoplodon bidens,Inf,-Inf,NA,NA,NA,0.0067205586863471785,1,0.33868091827513536,0.2838986126775933,0.22106750850824847,0,0.21988330525863173,0.08452588555540795,0.07543062080210468,0.05114226001993559
Mesoplodon bowdoini,Inf,-Inf,NA,NA,NA,0,0.9284467611321746,0.16342612242087606,0.11415427669626943,0.1600752987980112,0,0.18331993048796222,0.025423942189652046,0.007292415837525249,0.03360965367599673
Mesoplodon carlhubbsi,Inf,-Inf,NA,NA,NA,0,0.9052323982436905,0.2754452793317098,0.16089237474572574,0.23980889674547742,0.10205916258594806,0.3565280297006929,0.2172458407257407,0.20820600159172215,0.04067314997072124
Mesoplodon densirostris,Inf,-Inf,NA,NA,NA,0,1,0.22331839589684802,0.19329753903566788,0.16139222355542807,0,0.3954669309590557,0.06561767106759389,0.043324358019907645,0.05964502585720012
Mesoplodon europaeus,Inf,-Inf,NA,NA,NA,0.0014791021268164542,0.9124942766921329,0.2628560006571629,0.27824272513731474,0.1569508717637345,0.14252238723325394,0.45854070720799855,0.2704302267640415,0.23492194867728527,0.088913554824077
Mesoplodon ginkgodens,Inf,-Inf,NA,NA,NA,0.001211466773106217,1,0.23375963343101094,0.25125910494525955,0.13980678791226137,0.1841049080975539,0.5241350014292186,0.3135464098646349,0.30811757500925935,0.08661983285724487
Mesoplodon grayi,Inf,-Inf,NA,NA,NA,0,0.9602408037937981,0.2455623481291032,0.1861121510212163,0.1939604817225931,0,0.19049243165115318,0.017473123624952,0.0029385959434977318,0.02740973310563504
Mesoplodon hectori,Inf,-Inf,NA,NA,NA,0,1,0.2129599474563165,0.11566492554776223,0.20199253484329271,0,0.19358408984549313,0.024662845515124317,0.015872139462735073,0.03036813973175107
Mesoplodon layardii,Inf,-Inf,NA,NA,NA,0.004438704881137765,1,0.33068274786662816,0.20661210441238217,0.2933084254421097,0.16269627627957553,0.5159299012539331,0.27883692688432005,0.2722462093693152,0.05670115525733728
Mesoplodon mirus,Inf,-Inf,NA,NA,NA,0.010555255498084134,0.7890472941311413,0.27724581509506924,0.2548261417037618,0.18221892393554442,0.1866286622868181,0.6262110137271341,0.3170236680529771,0.28640349599837106,0.09248855948937153
Mesoplodon perrini,Inf,-Inf,NA,NA,NA,0.1514864187012768,0.4349061812003597,0.2475767679333636,0.15633770389845436,0.16225016347675536,0.2675284520595853,0.3092261509482234,0.29470625329824807,0.3073641568869354,0.023555071971812384
Mesoplodon peruvianus,Inf,-Inf,NA,NA,NA,0.0012392247171578072,0.3866133863743607,0.21074971388732133,0.15445143864134744,0.11362207776367633,0.20282074731264665,0.5121306838194127,0.2874099746490013,0.25083901427979394,0.07614850453275573
Mesoplodon stejnegeri,Inf,-Inf,NA,NA,NA,0,0.9095934973906259,0.4507162036750497,0.45283974185645237,0.27901240085365686,0.09867064053229976,0.3417661870126023,0.2191534993375347,0.21863679102868505,0.05895207777869474
Mesoplodon traversii,Inf,-Inf,NA,NA,NA,0,1,0.284743093926406,0.25639523677944787,0.22654680564369992,0.1583259592694099,0.3546935650102519,0.26523443735358615,0.26742916323895616,0.0376077241560768
Mirounga angustirostris,0,0,0,0,0,0.009297903813834477,1,0.2995537412796489,0.22240823989623712,0.27417816911026494,0.08711395552594309,0.6138816941327535,0.4668925522445111,0.5122076984886705,0.15695720580253503
Mirounga leonina,0,0,0,0,0,0.006500789716862547,1,0.25200852924414174,0.2062758756785463,0.20576880236915016,0,1,0.39643619191732005,0.387285918785353,0.2977217188481399
Mobula birostris,0.7443023350461802,1.9993772701912738,1.3416871966452846,1.279903158137918,0.2777670295945836,0,1,0.41402556650821515,0.3006362327687141,0.2670022661362828,0.47711768550314376,0.8081496227657963,0.5895399974158353,0.5726530597140627,0.050179299490950464
Mobula tarapacana,0.7187298310897648,1.8392824130396186,1.1759243551762542,1.1187919944701377,0.24827107576636462,0,1,0.2784311170125988,0.23110694837871867,0.1996025708408434,0.47367820548066186,0.7604875715690959,0.5727575369942641,0.5635660065792945,0.0597341507195271
Mola mola,0.22302007002481253,1.9215928058383482,0.7647140841642804,0.7631497179577057,0.22856940219347407,0,1,0.23509943823563167,0.21964962794841095,0.16103513193645555,0.12247976694514341,0.6386385981415228,0.2495487238751495,0.23466622560605382,0.08097340621357665
Molva molva,Inf,-Inf,NA,NA,NA,0.020430324974448504,0.2765553842328865,0.0698424862867779,0.028976063773576883,0.0934583447884977,0.21799561341051188,0.24359005106286066,0.22773320187766283,0.22741916570026907,0.0074472802355793465
Monachus monachus,1.5932048557671876,2.2030503770324916,1.7557072938979146,1.7088003283342101,0.16549624422524864,0.07662416222784102,0.4913051968338812,0.17255124127259028,0.1402027181540075,0.11041273309667053,0.8737072202787107,1,0.9600602822773124,0.9700461153300113,0.04390738048526954
Monodon monoceros,0,0,0,0,0,0,1,0.4867029350850442,0.474857616724263,0.29315308723447353,0,0.4027768010232942,0.10146307558828287,0.07506123861592977,0.10562278966399044
Morone saxatilis,0,0,0,0,0,0,1,0.33372442003478975,0.336459881372128,0.24308247774159308,0.48814137799495344,1,0.9416557953741264,1,0.10219474829820392
Mycteroperca bonaci,0.46532852177127776,1.2539697034315822,0.8241221679912545,0.8592129551195375,0.22111947810567018,9.927150471494404e-7,1,0.4314755458821121,0.4432493218951399,0.3048885241269652,0.4937638916450428,0.7583101471695943,0.6286444350529257,0.630291700601288,0.05061713591244187
Mycteroperca jordani,1.3343664147986682,1.7522774521182471,1.5814775802766037,1.643448060769185,0.15603423525593493,0.13990031432015304,0.31035823259898043,0.2252129255822174,0.24543515028247356,0.06457941469210306,0.5583072868522635,0.7747693524988399,0.6419457533418574,0.6406656036269363,0.07774514445358036
Mycteroperca rubra,0,0,0,0,0,0.07841180311806835,1,0.4702016687531321,0.3926895584997897,0.2623342761150024,0.457236812460301,0.6589568967635054,0.5233767247938874,0.5145390436524104,0.04659388328174228
Mycteroperca xenarcha,Inf,-Inf,NA,NA,NA,0.1116636668680214,0.7213033343266924,0.35816974578284977,0.26493320539596044,0.18952244973492208,0.22469702850794662,0.5251063279583668,0.3400596482898561,0.3508873627140573,0.06906176221709394
Myliobatis californicus,0,0,0,0,0,0.020545940600713162,0.41735844558455903,0.20157399727891595,0.17853520596560574,0.14534050130663725,0.31672358250615257,0.6162138294599333,0.4321530706899463,0.39290131253316785,0.10081758772497731
Myliobatis tenuicaudatus,0,0,0,0,0,7.052739883450144e-4,0.585844352981961,0.15972170592081464,0.11252713751000981,0.14299801661757838,0.3806022096009365,0.5931898472981587,0.4715414277496194,0.47847661054073254,0.05540441663071252
Negaprion acutidens,0.15781059028950714,1.287614152002698,0.6187940580556577,0.5896454326987535,0.1910944842234668,0,0.7480806285154772,0.20729949059396974,0.1682776807837572,0.13799717072905177,0.044335915296418636,0.2998296370669033,0.17199229214465153,0.16211729740546216,0.07272338190886522
Negaprion brevirostris,0.29647212975272164,1.009251856370291,0.5472663066034069,0.5152887620512853,0.13971362016092,0,0.8262344267271363,0.2611085793231429,0.1901788975071386,0.1839154914798726,0.2717139649397642,0.5420162122094074,0.38518818064150667,0.3899290129300257,0.05873583268849866
Nematistius pectoralis,Inf,-Inf,NA,NA,NA,0.05229797847090842,0.07901168224249391,0.057351922427694865,0.05229797847090842,0.01060697733176091,0,0.0036875824241265807,1.9932877968251788e-4,0,8.453540622506911e-4
Neomonachus schauinslandi,1.54379809468346,1.6624827458775568,1.6240722694775336,1.6321556271516817,0.04495556055773566,0.056861709475841835,0.10603204995456945,0.08984682188116615,0.09310341543796857,0.018796879118156324,1,1,1,1,0
Neophoca cinerea,1.6248682738960551,2.0931918904946674,1.7992952012341226,1.6636007720685067,0.19412942198467162,0.0898125100736625,0.3425635464372775,0.17945469443635767,0.1065235466623812,0.10452243841551981,1,1,1,1,0
Neophocaena phocaenoides,0.5679516359826771,1.4639540842034178,0.8409021872940649,0.8063605830930379,0.19702016213935314,0,0.6174393435554375,0.17849811267716773,0.08628588518673355,0.1634382533900074,0.24145824221059614,0.5515524567204142,0.3805147924349812,0.37161733777226913,0.07742270385462316
Notorynchus cepedianus,Inf,-Inf,NA,NA,NA,0,0.9045891508271511,0.294005256030753,0.23058338838279446,0.230616929013868,0.212395705151416,0.5648588251608233,0.3865971214680445,0.38523575233709784,0.08501944958273235
Odobenus rosmarus,0.26198221597856947,2.1517908835721427,1.5492899632473405,1.6210975860526387,0.39060842445077415,0.014369556776301839,1,0.44528181902892333,0.38066517716584847,0.2982659478760916,0.0904481421273089,1,0.8277543541026505,0.9333744423710157,0.21428409459716694
Odontaspis ferox,0.005339024492454984,1.2719059199387643,0.4832660767081318,0.47772212739374653,0.23098081217531033,0.0026766512412953122,0.89801258004732,0.23695356608453022,0.20205097007437944,0.16225121282709068,0,0.2748083742662176,0.06443182060567691,0.05303118085190427,0.060475171204866195
Ommatophoca rossii,0,0,0,0,0,0,0.4970090160108662,0.3286664005700477,0.3439866966491314,0.12759423045204674,0.13637022706409072,0.7264248339045954,0.5811237843654214,0.5945849349890708,0.11428489797557835
Oncorhynchus tshawytscha,Inf,-Inf,NA,NA,NA,0,0.1405853587004299,0.08614516111806361,0.09821554681051539,0.04317615552979099,0.49206348711009773,0.5444864149253426,0.5061152716534306,0.5042130017576946,0.016623777775082577
Ophiodon elongatus,Inf,-Inf,NA,NA,NA,0.08875290593335333,0.7643084353480559,0.19565483984601398,0.18307969110685965,0.17603062374755651,0.11258929073821512,0.14248642003511988,0.12251750788950572,0.12193614580020741,0.00978137738631818
Orcaella brevirostris,0.8317359158652946,1.7798249334399476,1.2795202470393203,1.286506303819098,0.30465297825760906,0.004335428113242991,0.4914796527957148,0.183281507961997,0.1822676972257521,0.15587935405900252,0.38699711245838414,0.593929044531765,0.47634036697544363,0.4787053453843867,0.04840886524347091
Orcaella heinsohni,0.611281698116707,1.4224890972473687,0.9897883245363244,1.0459068290368803,0.29167585752710345,0.022727352274239342,0.7222500608872762,0.30672266042970825,0.312998948381106,0.24471444153058902,0.34443539429865744,0.40657707238227586,0.3708210117021441,0.3687099456268552,0.01952630232317401
Orcinus orca,Inf,-Inf,NA,NA,NA,0,1,0.32231794559497606,0.2773624267515732,0.2630534866803912,0.11092845925666103,1,0.3248976528283601,0.2873917671021164,0.13317104711409872
Otaria byronia,0,0,0,0,0,0.05266186106613133,0.5252919881436577,0.2623844906297373,0.24613715297809113,0.1352674861598659,0.9724383865709838,1,0.9952146778134348,1,0.008938995070819623
Pagophilus groenlandicus,0,0,0,0,0,0.007208361084873836,1,0.40385635250804786,0.41348067756000245,0.23429380699101324,0,0.6858003543669302,0.29602523756422267,0.30985672605677694,0.20249466384810816
Pateobatis jenkinsii,0.47710031107459205,1.3723205093245605,0.939090753393406,0.9167618124590258,0.23015251742370652,0,0.618361351403088,0.2708327048131282,0.2290700096137168,0.16493245419861854,0.23467349779259264,0.5125007729281449,0.3500655783713321,0.3490440538562015,0.05093019733028784
Peponocephala electra,0,0,0,0,0,0,0.7222331621503,0.2136606983103414,0.237428375661093,0.12604092082640442,0.38148043351648203,0.7069827749339321,0.5382776880430695,0.533573128734013,0.050328393225602966
Petrus rupestris,1.1924809552850744,2.184019718389404,1.7664584635399947,1.792368718291708,0.3930259813589952,0.06066138778140758,0.6420822996036005,0.36090773917262986,0.325676146329571,0.22220325677892053,0.5641191618903175,0.7214095454310641,0.6498428564008664,0.6735161659744793,0.06129735795791314
Phoca largha,0,0,0,0,0,0,1,0.3108591411876077,0.15684355363862792,0.3334448042106861,0,1,0.7859507611538836,0.8715267584826795,0.2436133362114778
Phoca vitulina,0,0,0,0,0,0,1,0.3262381902246664,0.31523328996080063,0.1878899432608514,0.08658513876326092,1,0.8183376635790167,0.8741241472880602,0.20534080801944118
Phocarctos hookeri,1.7327638232786724,2.5211716760713045,1.9223944970249902,1.8237501571073076,0.24335329373355682,0.1380221035461797,0.703597290613667,0.25390761448057925,0.182920611877768,0.17035570541440162,1,1,1,1,0
Phocoena dioptrica,0,0,0,0,0,0.0013959585164371353,0.9499706359931808,0.31366152718362245,0.2661943420779455,0.2065250658887101,0.18078014600004885,0.49951625086552676,0.30413905720351897,0.2834415707634975,0.07741288689842817
Phocoena phocoena,0,0,0,0,0,0,1,0.39099592913161424,0.34040808889036345,0.26624333888260854,0,0.7082224280088514,0.2014017671619306,0.20228441352127047,0.1298181843056879
Phocoena sinus,1.7397595013497316,1.7397595013497316,1.7397595013497316,1.7397595013497316,NA,0.2037395756650839,0.2037395756650839,0.2037395756650839,0.2037395756650839,NA,0.5345873615488144,0.5345873615488144,0.5345873615488144,0.5345873615488144,NA
Phocoena spinipinnis,0.1937259439222321,0.8229115610014437,0.4769642602600313,0.41546690015863924,0.1989221492480094,0.057418211687635765,0.9029012302299595,0.3592651401435855,0.33305889186543947,0.2505106047832039,0.07236434263665673,0.34479386467923295,0.20633631198740957,0.21385603941314146,0.07937476955984908
Phocoenoides dalli,0,0,0,0,0,0,1,0.3570089368159792,0.2955187669994476,0.29476230013398297,0.16769948285798286,0.44167792303788245,0.26899163414228594,0.25241278322872207,0.05663777007538327
Physeter macrocephalus,0.39524432336938703,1.860524084438469,0.9381059173312893,0.8998959399847082,0.25061399477262625,0,1,0.27173808149463896,0.22938578624916525,0.22914452078354397,0.1708140915892296,0.8011110563192528,0.3641724813844316,0.33835665578358404,0.10649651298522787
Pogonias cromis,0,0,0,0,0,0.0492648618464368,0.4881207640539231,0.2584638829420179,0.21587577626845797,0.13646058859798577,0.29709445854048533,0.5645590946612008,0.4075508789438922,0.3830206329719046,0.0660175090877288
Polydactylus macrochir,Inf,-Inf,NA,NA,NA,0,0.020430324974448504,0.001702527081204042,0,0.005694295368789272,0.5247317529900782,0.5454012914218768,0.5328455369347058,0.5310875864900001,0.004921939658356569
Polydactylus quadrifilis,0,0,0,0,0,0,0.9312261361623139,0.4225766403816243,0.4809208754976586,0.29000085594772185,0.8413876760922991,0.8676689986808594,0.8471790902038011,0.8461730836331498,0.006109817398583362
Polyprion americanus,Inf,-Inf,NA,NA,NA,0,1,0.412976732838424,0.3472611625946429,0.27869366165060416,0.11511170365843337,0.5512982048619521,0.2922942784111774,0.28712652592598287,0.10278492998318817
Polyprion oxygeneios,Inf,-Inf,NA,NA,NA,0.029519500516586895,0.35990047211375786,0.08410844357066426,0.036985360784358906,0.11188442869909603,0.054719693139571715,0.08577231270094962,0.06655651198018298,0.06358137780144135,0.008228629508915493
Pontoporia blainvillei,0.723103968227366,1.2936613914194652,1.0485878318897275,0.996751796223904,0.18808516911460837,0.0013959585164371353,0.37838255844099705,0.17981194697241523,0.0932281017011876,0.14392641321990834,0.5249112206022786,0.6840837433729182,0.5717823361014536,0.54827553218647,0.04989666446647559
Prionace glauca,0,0.950525912633146,0.2590646275112205,0.22192632170303617,0.1832522085556248,0,1,0.21941149142102004,0.16599634227905297,0.1916093956971054,0,0.4601564655622751,0.07746152048435467,0.037725700985331186,0.09145540037484146
Pristis pectinata,1.8213278417473235,2.770027005103273,2.1976783268786955,2.2113832037050143,0.33165524263574403,0.08549358346219496,0.6157499338708258,0.2858243350276583,0.25105837028393635,0.196362270361643,0.7547669742875082,0.9087858308751325,0.8639790715285971,0.9012998029692103,0.06661424023827764
Pristis pristis,1.5277606965888344,2.7629438483660436,2.244166860750509,2.322812604536955,0.3396421742046954,0,0.6171086437989655,0.297144408614155,0.3036958042984032,0.1677599289563011,0.7194204134167982,1,0.8866499691310208,0.9078728779056441,0.06891653505772834
Probarbus jullieni,2.1920183877097754,2.310629370498205,2.271559223229223,2.297480986303058,0.051517622127529084,0.4127721709848399,0.5067305996977239,0.4754250528226113,0.49575788255694914,0.04090026402881384,1,1,1,1,0
Pseudorca crassidens,0.35238581772224464,1.0564199224761794,0.5769677667323684,0.5726907323618129,0.11759408451613136,0,1,0.19228524010371628,0.20013384094545422,0.1395460570693702,0.24517672583959982,0.8759148915579233,0.5055844635714521,0.4885251861106374,0.09082842569095148
Pteroplatytrygon violacea,0,0,0,0,0,0,0.7413501507152873,0.25010569415725015,0.18494528374191344,0.19152612109537123,0.1987004773606812,0.5183105895391844,0.2983077783737065,0.2847947394376319,0.0589256407437866
Pusa caspica,2.557775339910709,2.571336317638313,2.5645558287745107,2.5645558287745107,0.007427653403233984,0.7422559588101891,0.756941350325549,0.749598654567869,0.749598654567869,0.008043520198757568,1,1,1,1,0
Pusa hispida,0,0,0,0,0,0,1,0.3276691391128392,0.25228581085097207,0.2955669441356566,0.02861757357746228,1,0.8049801062287066,0.8485759153714987,0.22357778569638417
Rachycentron canadum,0,0,0,0,0,0,1,0.338147802075063,0.28723349081077254,0.24035036040609478,0.13536495711768742,0.43189959357178836,0.2512097861318005,0.2439727352201716,0.05989470884262259
Regalecus glesne,0,0,0,0,0,0,1,0.4438136845306854,0.3759268427838719,0.27946662127262706,0.6072949690999943,0.9731870611850153,0.7522628164756423,0.7357566122114632,0.06280023055284038
Rhina ancylostoma,0.7232353155261355,2.021735290073778,1.2310014552380806,1.1930288919095144,0.24430994735550446,0,1,0.29867399265043076,0.2726514311852152,0.18728279364824155,0.4237773237300307,0.7640086857064956,0.6028272363362548,0.6030429162444743,0.07084387709686829
Rhincodon typus,1.1677758668295914,2.7538331654227814,1.98229719691042,1.9996409572045224,0.3272267616658749,0.007609100250180802,1,0.4612566499697565,0.42403899443159687,0.26445074422260467,0.6035144009150651,1,0.7395602464834713,0.7183649612024554,0.06191635674552543
Rhynchobatus djiddensis,0.5202890943683661,1.3651844648191134,0.9501225147630272,0.9500885246403526,0.2095401454746552,0.01477318687755614,0.6011644233073318,0.30116513965768443,0.2731687507709924,0.16700528706162215,0.23713990893576845,0.44783362228761775,0.32543659254351587,0.3238495290498701,0.04355905547525375
Rostroraja alba,0.9589372031672734,2.2563177753252406,1.4905482776083894,1.4413323227051595,0.31729562751549956,0.002397286170942083,0.8386109770183624,0.2885144497373513,0.20360276608275585,0.19870274063775015,0.3691669364168384,0.6473151316000959,0.5008340695957676,0.49099316550111405,0.055444111214812984
Ruvettus pretiosus,0,0,0,0,0,0,1,0.47600256449503625,0.43416752655201596,0.28244803968364074,0,0.4924656671146327,0.1449912137694414,0.12777003582722485,0.09892405438342998
Salmo salar,0,0,0,0,0,0.19966771633360608,0.7887550690880649,0.6794614378461026,0.7533789318906359,0.19088528082370312,0.44723118317357946,0.4948338899540066,0.4612177010420361,0.46200058373349734,0.015576038678785676
Salmo trutta,0,0,0,0,0,0,1,0.49256864650550436,0.4114278953121253,0.35413281713717304,0.5553173710179039,1,0.7757645398498862,0.7841953369907341,0.10662763857205607
Sciades parkeri,0.7530110543283599,1.2263805608038314,1.0364173989191692,1.1504275388494603,0.20656043024314977,0.04787211682314214,0.3384330770501719,0.22426125166066174,0.30052806988837827,0.13175624208412576,0.4652378434646546,0.5164403933773535,0.48913681335607373,0.48646597046939133,0.015155716652063169
Sciaenops ocellatus,0,0,0,0,0,0.07672735994231977,0.6724510758847022,0.22277130570381867,0.12687735503492673,0.17493558168116677,0.3006930111974994,0.38743048327616947,0.3654143359923692,0.37814447041135896,0.02800542030067722
Scomberomorus cavalla,0,0,0,0,0,0.04777111352513791,0.45808914228814285,0.252599898066431,0.27105890220580514,0.12337337715104021,0.22228371206123357,0.5545093610745884,0.30392836331153716,0.28204041261806395,0.06784705104906118
Scomberomorus commerson,0.15674241091206195,0.9734434883517237,0.5379574128685543,0.51229619891217415,0.15233210427595278,6.821479564166046e-6,1,0.34205632873628367,0.2909574153248864,0.20260874682026045,0.15561498409230168,0.6490849117342248,0.2920606150207131,0.2733777579621306,0.08284761828750156
Seriola dumerili,0,0,0,0,0,0,1,0.2555078304255473,0.2384186234391631,0.1518841121402929,0.12612910779884692,0.4281285211026158,0.22243597872150483,0.21238777680132595,0.04804908965743946
Seriola hippos,0,0,0,0,0,0.09815653175165731,0.3724592627322021,0.1882694324089709,0.18734892435756875,0.08342433313562798,0.31065373773957883,0.4912936784351499,0.4086096401521896,0.4101992330520081,0.05183828696973649
Seriola lalandi,0,0,0,0,0,0,1,0.3114786426125843,0.2534828856373522,0.22861476030382205,0,0.22058562012627334,0.0760701768217255,0.07353496111749402,0.04610390881866252
Seriola rivoliana,0,0,0,0,0,0,0.7664350436906301,0.2900397891369273,0.31695530978962694,0.15497053230130506,0.03745445903388069,0.2987663018993888,0.13626122159647103,0.14861033209456373,0.05849056307273107
Silurus glanis,0,0,0,0,0,0,0.847655074121359,0.3499460306783586,0.19913314315755715,0.27816274207053154,0,0.4943387055100087,0.2512595443369581,0.2554532578077591,0.1711315102000214
Somniosus microcephalus,0,0.9368426690662589,0.39306940161818055,0.41654564094458324,0.1925704253067744,0,0.9941506378477769,0.2647887136087015,0.23821264290573768,0.19799026568765038,0,0.40729036808590346,0.19021919718259916,0.201295864225635,0.11190637218543074
Somniosus pacificus,Inf,-Inf,NA,NA,NA,0.006750001317503068,1,0.45597912533122303,0.45863090362861536,0.27012906085476096,0,0.5128746941160514,0.2494271125182416,0.2581761224329369,0.1064912092394696
Sotalia guianensis,0.27982042968320703,0.548437642954598,0.4111227660352522,0.4482849629916468,0.08156135535470924,0,0.3145274980118243,0.13086493456222692,0.16102149465670257,0.0876501329830569,0.273405625456675,0.39145937415505533,0.338117610657374,0.34698409433791344,0.029692033628018873
Sousa chinensis,0.562010323530739,1.3804608727639363,0.8871661612694943,0.8234793353812864,0.24680193852884824,0,0.5817538539733664,0.18964429437248576,0.13019878081091554,0.1755346148188597,0.2965816463047757,0.5403410353086072,0.407447982328074,0.40586898128340954,0.059082117281054385
Sousa teuszii,0.9065872991088632,1.6149286979554591,1.2576810226850104,1.2561490400159203,0.19802273916582327,0.001468376180444828,0.25759647828826887,0.10484333943165837,0.0837823428681339,0.07230532407289997,0.3374188976149127,0.41680808200803743,0.38122233640845615,0.37910386738563767,0.022375661025674773
Sphyraena afra,0,0,0,0,0,0,0.4907860842213789,0.19567770544277485,0.1576847635519597,0.16479505830310945,0.12224123251479743,0.3583536689424441,0.16250606968682624,0.148996042193393,0.05231101114045247
Sphyraena barracuda,0,0,0,0,0,0.0010029038033120207,0.9233778600607465,0.32063660496304097,0.2765422245479125,0.17790194585824112,0.1854048647330337,0.584907509434206,0.3096170683107923,0.2962796817544306,0.06603419756253376
Sphyrna lewini,0,1.7101577915429877,0.6627716225937776,0.6423870684877653,0.30196180461260275,0,1,0.270995882513518,0.22425009872184193,0.18003964165811065,0,0.23273832020031876,0.03982590734964418,0.024723519561462425,0.04289278822655159
Sphyrna mokarran,0.4282937831092395,1.8269370488212255,0.9302973934665809,0.9037637831916843,0.2668834757208201,0,1,0.21965828124716366,0.18749235644112328,0.15623909765091065,0.11117275184750235,0.27805068062766564,0.1944641445179591,0.18927946728568013,0.034523707737872264
Sphyrna zygaena,0.21173834848682185,1.5999487263599113,0.7690621607732677,0.7087594185203281,0.2789865329096478,0,1,0.25829245962803915,0.19401354387917769,0.2115006227174012,0.11172579337796584,0.5340275785344857,0.24075289515865758,0.21546931240005568,0.09248859013056449
Squatina squatina,0.8804446544715142,2.128884919317701,1.608322082903928,1.6792599005876478,0.3149988638710393,0.0026136133963545584,0.5924456540344933,0.2715463133557344,0.2749280450060721,0.14377331860108958,0.2769638951762912,0.6241371291212287,0.3788790126613405,0.32024482012316513,0.0965497007919535
Stenella attenuata,0,0,0,0,0,0,0.8879834338006997,0.17057134944264665,0.15773051101785446,0.11174287087651004,0.17264112278797702,0.8132289289355513,0.3540302469409251,0.3015410230090075,0.12032161645722436
Stenella clymene,0,0,0,0,0,0,0.34436797404466446,0.1729127691856331,0.18506805108913418,0.06286316281002186,0.14555061680427922,0.4814457795371559,0.308541734691847,0.3190610643492916,0.0990092492092759
Stenella coeruleoalba,0,0,0,0,0,0,0.7020979149744854,0.19414759246939817,0.17295170231353352,0.11886343451800152,0,0.2798594279603057,0.08625588263380542,0.057641254993240514,0.07816066179497022
Stenella frontalis,0,0,0,0,0,0,0.4796508287468211,0.168416246728211,0.17489051045744985,0.07962120777453506,0.1692115215318183,0.43883514273764057,0.27707400357671647,0.25055524277323676,0.06667781844712424
Stenella longirostris,0,0,0,0,0,0,0.5699254496526502,0.17237193400096198,0.1607351190933993,0.10756097722800514,0.17812227249182264,0.5794036884007975,0.2753090815796784,0.26431283716687093,0.06567865342569304
Steno bredanensis,0,0,0,0,0,0,0.6509745761984934,0.17802433641451967,0.15998225186518827,0.10827248585783407,0.1582230660840948,0.6004364659520396,0.2876857479150769,0.272457071871477,0.06721306482109887
Stereolepis doederleini,Inf,-Inf,NA,NA,NA,0.07426506228741585,0.1850337319921668,0.15060950688897695,0.1607619969930635,0.033318848466545425,0.05555866570830527,0.08379820928449049,0.06453038928691918,0.06296585245175883,0.0085561777452236535
Stereolepis gigas,0.20091441807425728,0.9632098880892215,0.28421174986047754,0.2119269918528409,0.20122202501649458,0.005549934775177251,0.28260847258058147,0.029348030839726758,0.005549934775177251,0.0739782604318685,0.04899248037220827,0.08391540837584899,0.054383736102701044,0.052303354282208406,0.009177194826864393
Taeniurops grabata,Inf,-Inf,NA,NA,NA,0,0.905691116067282,0.346316102709439,0.3166817682450472,0.2350616962116784,0.4064583601051338,0.7122020778805013,0.5211177867618314,0.5093590982036021,0.07548350151953843
Taeniurops meyeni,0.7273559645694123,1.8556881746351994,1.1125175131036564,1.0968842200469173,0.21143470733750488,0,1,0.24075983071638393,0.2068944545805443,0.16794034777216535,0.3663891641948001,0.717413175032456,0.5525648893854105,0.553608897117106,0.07536045440509194
Tasmacetus shepherdi,Inf,-Inf,NA,NA,NA,0.009356814031943333,0.703597290613667,0.20395269244583322,0.1585368006445799,0.14320001452742356,0.13160027416499193,0.3586097444632156,0.21643868346588163,0.20551668959071556,0.04322991763126492
Tetrapturus angustirostris,Inf,-Inf,NA,NA,NA,0.006692157027484142,0.9514872420263523,0.3170289299175523,0.2815862947049964,0.15062674526300848,0.16249668858490088,0.43970781729372443,0.24875066297954648,0.23540189305930379,0.06493391722725617
Tetrapturus belone,0,0,0,0,0,0,0.6263575750587959,0.2223712597340112,0.0719448479985827,0.23522988712171428,0.26540993006602637,0.30203251706775,0.28206459290995023,0.28223777115532345,0.010200436121474052
Tetrapturus pfluegeri,0,0,0,0,0,0,1,0.3917133272157495,0.33130398726041543,0.2345083768997732,0.22788781402356167,0.36372334075897744,0.2721628272076287,0.2662267641544662,0.03334870663261027
Tetronarce nobiliana,Inf,-Inf,NA,NA,NA,6.611214630478062e-4,1,0.29218326436092285,0.24290668529700796,0.2069286824517675,0.002036335941896419,0.24972096098961918,0.08389671539451424,0.06842207902924508,0.05895527207212476
Thunnus alalunga,0.2252141633073434,1.0288426625985594,0.44069467558885245,0.42508283533110375,0.14186878520430982,0,1,0.16221438568864985,0.12560993185832026,0.17729302010418904,0.23393439028845195,0.5761806202999495,0.3522408354666043,0.33473523075397277,0.07235403479826595
Thunnus albacares,0.23434276958674397,1.0098577743076331,0.39877036484356937,0.33128325476732023,0.17447711917558759,0,1,0.14846413139351025,0.07392831312314634,0.22396721105056971,0.2516190471713073,0.5158492193415174,0.3181046422421776,0.30819932120262783,0.046785200942363644
Thunnus maccoyii,0,2.2369550419172435,1.0107047174379258,0.917014752468604,0.6378187702428113,0,1,0.2987762246401929,0.15739033967636656,0.34687793707692804,0,0.3070754308673914,0.1217519515378091,0.1191206171890754,0.061552609347762306
Thunnus obesus,0.35364800491481135,1.6989342135470817,0.813742691887396,0.6764053538463936,0.34823523703439496,0,1,0.21701643744227167,0.10332456557938431,0.25898642128263255,0.21201179826547453,0.5418429438943165,0.33260584536252324,0.30997299750859564,0.07702579972202823
Thunnus orientalis,0.27899336016694337,1.5431861791797212,0.7385484429336757,0.6473118114254817,0.33899492310823365,0,1,0.262731977583676,0.13770810505922765,0.2665395702520187,0.14254674902412987,0.3484121157709571,0.2229058942011745,0.21858860026662202,0.05500760342176675
Thunnus thynnus,0.4839096079970966,2.3902928911574683,0.9524162172555586,0.7548585946746429,0.4265656536077981,0,1,0.1710214392508408,0.07968789046623932,0.23100464718621666,0.19958008460294477,0.6712224354116049,0.2909172398655454,0.27992439997465923,0.08718981540461597
Thyrsitoides marleyi,Inf,-Inf,NA,NA,NA,0.05229797847090842,0.39767891948167955,0.31162914639871414,0.37775187031920254,0.11161415919388619,0.09994870061733425,0.14756941698309853,0.11141184446015316,0.10763978196464848,0.011445567042747972
Totoaba macdonaldi,1.1426286041000906,1.3080318055578621,1.2452057470535682,1.2650812892781602,0.07153797269106307,0.07984367126812697,0.11539427014456477,0.09541355945678895,0.09320814820723204,0.01506182134042731,0.3440310680066395,0.416170306151107,0.3797925361760315,0.3794843852731897,0.037051494513102017
Trachipterus arcticus,Inf,-Inf,NA,NA,NA,0,1,0.32581208483979357,0.31498205146724073,0.2123289452695741,0.19356813906742976,0.7683119815126783,0.3915458538859383,0.3685308580767928,0.11770623053547558
Trichechus manatus,1.1557000377596027,1.5494335625897824,1.31525204448141,1.3308031435370584,0.11652706153211796,0.04295170926126793,0.3245695043189851,0.15130668008011108,0.17896378496339782,0.07767330060877323,0.7674648062545004,0.9873880025202326,0.9412385042780675,0.9580642608414816,0.05161358162545495
Trichechus senegalensis,1.3344471864919958,1.5453877399389278,1.4166571403365367,1.3782603057513063,0.07611272721398878,0.2137869801809347,0.3779872683842678,0.27655188615835624,0.24785623377972948,0.061644918024972774,0.8163352412962079,0.8433423461427185,0.8312530243140431,0.830651556314451,0.007299591199359941
Tridacna gigas,1.1702349941181796,2.037359876287863,1.6561093158868103,1.6620609951499574,0.18850481279034728,0.03712497946952644,0.778388636391174,0.38815689532627057,0.37836023937618835,0.16375451856262424,1,1,1,1,0
Tursiops aduncus,Inf,-Inf,NA,NA,NA,0.044819541121948206,0.4279639120823059,0.21858380176522338,0.2194202994605268,0.09402461939482418,0.2267711147353365,0.5577865665390827,0.38209419606571243,0.3855589857954012,0.06318247326049091
Tursiops truncatus,0,0,0,0,0,0,0.70768603182972,0.18098642894240732,0.17489030770831046,0.0992622678900381,0.15146176155444185,0.7001505317753608,0.2793705597724315,0.27920579759294506,0.051024146538802585
Urogymnus polylepis,1.2934682879528723,2.6413968126643246,2.0834312795746537,2.142850811410904,0.4798105097164983,0.057069800240222755,1,0.5492488048989648,0.5483377210079197,0.3652301051579686,0.13989925718815321,0.8404999306552147,0.7334377447649315,0.8313349695201571,0.17821081080982007
Ursus maritimus,0.8663590788615241,2.1972245773362196,1.9380015276819174,2.0609480569820047,0.2849285785837729,0.007364643327754549,1,0.8240339730083913,1,0.24435120347525555,0.22356407523057253,1,0.8422510267895746,0.9041816695213349,0.14868456700609942
Wallago attu,0.6509936396079374,1.07900009038988,0.8658667740037619,0.8507343444054376,0.11247177295083868,0.06945770442359774,0.5316371142617927,0.29293970452004214,0.29474053573352277,0.1346990796417183,0,0.9348536807376784,0.7928720851095774,0.8968186602550484,0.23222057282409053
Xiphias gladius,0,0,0,0,0,0,1,0.43735167058588403,0.3757232440529579,0.2875935588101261,0,0.9310455540975612,0.10935145081128715,0.09072604177889367,0.0783001290271408
Zalophus californianus,0,0,0,0,0,0.04734104922136255,0.9061083625977436,0.3592536385275151,0.2996547913202159,0.18443527183027147,0.46307449163887404,0.8581677946611993,0.7142124521514652,0.7510038775649798,0.11892003553678697
Zalophus wollebaeki,1.9670754118904212,1.9923792468674484,1.987318479872043,1.9923792468674484,0.011316219020013908,0.2624779874540614,0.27774666212271437,0.2746929271889838,0.27774666212271437,0.0068283588970874136,1,1,1,1,0
Ziphius cavirostris,0,0,0,0,0,0,1,0.20099180516190554,0.18083490204930608,0.13995394476056638,0,0.4869843449505752,0.2192466068434437,0.1858051831503947,0.09872799497632367
