Species,FUSE_sd,FUSE_min,FUSE_mean,FUSE_max,FUn_sd,FUn_min,FUn_mean,FUn_max,FSp_sd,FSp_min,FSp_mean,FSp_max,FDi_sd,FDi_min,FDi_mean,FDi_max
Acanthocybium solandri,0,0,0,0,0.11,0,0.42,0.66,0.04,0.24,0.34,0.42,0.03,0.49,0.57,0.64
Achoerodus gouldii,0.17,0.8,0.96,1.37,0.13,0.07,0.16,0.48,0.01,0.48,0.5,0.53,0.01,0.69,0.71,0.73
Acipenser gueldenstaedtii,0.27,1.5,1.83,2.19,0.06,0.39,0.44,0.57,0.12,0.19,0.33,0.52,0.11,0.44,0.58,0.73
Acipenser medirostris,0.06,0.71,0.75,0.79,0.09,0.27,0.33,0.39,0.01,0.58,0.59,0.59,0,0.8,0.81,0.81
Acipenser nudiventris,0.04,1.16,1.2,1.26,0,0.27,0.27,0.27,0.02,0.14,0.15,0.18,0.02,0.46,0.49,0.5
Acipenser oxyrinchus,0.13,0.63,0.76,1.05,0.17,0.2,0.35,0.71,0.04,0.56,0.61,0.68,0.03,0.76,0.81,0.86
Acipenser persicus,0.03,1.06,1.13,1.14,0,0.27,0.27,0.27,0.01,0.1,0.12,0.13,0.03,0.34,0.38,0.4
Acipenser sinensis,0,1.71,1.71,1.71,0,0.28,0.28,0.28,0,0.4,0.4,0.4,0,0.72,0.72,0.72
Acipenser stellatus,0.46,1.2,1.75,2.35,0.12,0.32,0.48,0.65,0.16,0.1,0.27,0.5,0.16,0.34,0.53,0.73
Acipenser sturio,NA,2.17,2.17,2.17,NA,0.43,0.43,0.43,NA,0.55,0.55,0.55,NA,0.76,0.76,0.76
Acipenser transmontanus,0,0,0,0,0.11,0.27,0.43,0.52,0.01,0.53,0.54,0.55,0.01,0.81,0.82,0.82
Aetobatus narinari,0.1,0.37,0.62,0.9,0.13,0,0.27,0.67,0.02,0.43,0.47,0.54,0.02,0.71,0.75,0.81
Aetobatus ocellatus,0.19,0.38,0.8,1.16,0.14,0,0.24,0.57,0.02,0.21,0.26,0.33,0.02,0.56,0.61,0.66
Aetomylaeus bovinus,NA,Inf,NA,-Inf,0.17,0,0.32,0.65,0.01,0.23,0.24,0.27,0.01,0.57,0.61,0.63
Albatrossia pectoralis,NA,Inf,NA,-Inf,0.05,0.38,0.39,0.56,0.01,0.25,0.26,0.28,0,0.59,0.59,0.6
Alopias pelagicus,0.16,0.4,0.9,1.24,0.12,0,0.24,0.57,0.03,0.25,0.34,0.41,0.03,0.47,0.57,0.63
Alopias superciliosus,0.14,0.44,0.88,1.34,0.1,0,0.24,0.67,0.02,0.27,0.32,0.38,0.01,0.54,0.6,0.64
Alopias vulpinus,0.19,0.45,0.96,1.44,0.13,0,0.29,0.72,0.04,0.27,0.34,0.48,0.03,0.54,0.62,0.72
Aptenodytes forsteri,0.01,0.74,0.81,0.85,0.01,0.45,0.63,0.63,0.02,0.33,0.38,0.47,0.01,0.72,0.74,0.76
Architeuthis dux,0,0,0,0,0.24,0,0.44,0.78,0.09,0.23,0.36,0.51,0.09,0.47,0.61,0.74
Arctocephalus australis,0,0,0,0,0.08,0.13,0.31,0.42,0.03,0.45,0.49,0.54,0.01,0.77,0.78,0.81
Arctocephalus forsteri,0,0,0,0,0.1,0.13,0.35,0.54,0.03,0.47,0.55,0.6,0.01,0.74,0.78,0.81
Arctocephalus galapagoensis,0,1.45,1.45,1.45,0,0.22,0.22,0.22,0,0.53,0.53,0.53,0,0.78,0.78,0.78
Arctocephalus gazella,0,0,0,0,0.08,0.23,0.34,0.58,0.05,0.29,0.39,0.46,0.03,0.7,0.75,0.8
Arctocephalus philippii,0,0,0,0,0.12,0.13,0.28,0.44,0.02,0.5,0.54,0.59,0.01,0.75,0.78,0.8
Arctocephalus pusillus,0,0,0,0,0.11,0,0.28,0.42,0.01,0.45,0.46,0.49,0.01,0.77,0.78,0.8
Arctocephalus townsendi,0,0,0,0,0.12,0.07,0.23,0.33,0.01,0.55,0.57,0.59,0.01,0.78,0.79,0.8
Arctocephalus tropicalis,0,0,0,0,0.09,0.13,0.33,0.56,0.02,0.34,0.42,0.47,0.01,0.71,0.76,0.78
Argyrosomus coronus,NA,Inf,NA,-Inf,0.05,0.27,0.36,0.38,0.01,0.22,0.22,0.23,0,0.64,0.65,0.65
Argyrosomus hololepidotus,0.36,0.96,1.2,1.67,0.17,0,0.11,0.33,0.01,0.54,0.55,0.56,0,0.77,0.77,0.78
Argyrosomus japonicus,NA,Inf,NA,-Inf,0.12,0.09,0.38,0.56,0.03,0.26,0.29,0.35,0.02,0.54,0.58,0.62
Argyrosomus regius,0,0,0,0,0.19,0,0.34,0.66,0.04,0.23,0.28,0.37,0.04,0.51,0.58,0.66
Bahaba taipingensis,0.58,0.82,1.35,1.97,0.27,0,0.23,0.53,0.01,0.32,0.32,0.33,0.01,0.71,0.71,0.73
Balaena mysticetus,0,0,0,0,0.12,0.32,0.52,0.78,0.04,0.36,0.43,0.53,0.04,0.65,0.73,0.81
Balaenoptera acutorostrata,0,0,0,0,0.15,0,0.34,0.7,0.02,0.35,0.42,0.55,0.02,0.63,0.69,0.83
Balaenoptera bonaerensis,0.11,0.27,0.54,0.78,0.15,0,0.34,0.68,0.04,0.22,0.29,0.4,0.04,0.53,0.62,0.71
Balaenoptera borealis,0.24,0.67,1.26,1.82,0.15,0,0.3,0.73,0.04,0.22,0.31,0.41,0.04,0.53,0.64,0.72
Balaenoptera edeni,0,0,0,0,0.15,0,0.28,0.65,0.03,0.3,0.4,0.46,0.03,0.61,0.69,0.73
Balaenoptera musculus,0.24,0.68,1.36,2,0.15,0,0.34,0.83,0.04,0.25,0.33,0.43,0.04,0.61,0.72,0.84
Balaenoptera physalus,0.16,0.52,1.01,1.46,0.15,0,0.35,0.67,0.06,0.19,0.32,0.47,0.04,0.63,0.71,0.81
Bathytoshia centroura,0,0,0,0,0.16,0,0.28,0.56,0.03,0.28,0.33,0.42,0.02,0.52,0.57,0.62
Bathytoshia lata,NA,Inf,NA,-Inf,0.05,0.27,0.32,0.36,0,0.4,0.4,0.4,0,0.68,0.69,0.69
Berardius arnuxii,NA,Inf,NA,-Inf,0.12,0,0.34,0.6,0.03,0.26,0.34,0.45,0.03,0.46,0.56,0.66
Berardius bairdii,NA,Inf,NA,-Inf,0.16,0,0.36,0.62,0.02,0.34,0.37,0.44,0.02,0.56,0.61,0.67
Beringraja binoculata,0,0,0,0,0.16,0,0.43,0.58,0.02,0.45,0.51,0.54,0.02,0.68,0.74,0.77
Bolbometopon muricatum,0.33,0.36,0.64,1.29,0.24,0,0.17,0.63,0.02,0.2,0.25,0.31,0.01,0.69,0.72,0.74
Callorhinus ursinus,0.17,0.68,1,1.29,0.16,0.07,0.33,0.61,0.05,0.23,0.34,0.44,0.03,0.64,0.7,0.75
Caperea marginata,0,0,0,0,0.13,0,0.31,0.6,0.03,0.18,0.23,0.35,0.03,0.56,0.63,0.71
Caranx ignobilis,0,0,0,0,0.15,0,0.29,0.58,0.01,0.21,0.25,0.28,0.01,0.55,0.57,0.59
Carcharhinus albimarginatus,0.21,0.36,0.82,1.14,0.15,0,0.28,0.57,0.02,0.21,0.24,0.29,0.01,0.56,0.61,0.64
Carcharhinus altimus,NA,Inf,NA,-Inf,0.13,0,0.26,0.59,0.02,0.22,0.28,0.34,0.02,0.58,0.63,0.67
Carcharhinus brachyurus,0.13,0.23,0.51,0.75,0.17,0,0.29,0.65,0.05,0.23,0.3,0.45,0.04,0.51,0.59,0.7
Carcharhinus brevipinna,0.12,0.21,0.48,0.74,0.15,0,0.28,0.58,0.02,0.22,0.28,0.36,0.01,0.53,0.57,0.63
Carcharhinus falciformis,0.19,0.46,0.93,1.28,0.14,0,0.26,0.58,0.04,0.28,0.35,0.43,0.03,0.55,0.62,0.68
Carcharhinus galapagensis,0.12,0.21,0.44,0.68,0.15,0,0.23,0.56,0.02,0.23,0.27,0.32,0.01,0.58,0.61,0.65
Carcharhinus leucas,0.14,0.4,0.64,0.87,0.18,0,0.28,0.6,0.02,0.47,0.5,0.55,0.01,0.71,0.73,0.77
Carcharhinus limbatus,0.11,0.27,0.51,0.77,0.13,0,0.25,0.65,0.02,0.29,0.34,0.42,0.02,0.6,0.66,0.71
Carcharhinus longimanus,0.18,0.33,0.88,1.29,0.13,0,0.32,0.67,0.03,0.16,0.25,0.35,0.02,0.57,0.63,0.69
Carcharhinus obscurus,0.21,0.39,0.84,1.26,0.14,0,0.25,0.54,0.03,0.23,0.29,0.39,0.03,0.51,0.58,0.66
Carcharhinus perezi,0.14,0.29,0.52,0.75,0.17,0,0.25,0.56,0.01,0.33,0.35,0.4,0.01,0.63,0.65,0.68
Carcharhinus plumbeus,0.18,0.4,0.87,1.23,0.14,0,0.28,0.65,0.02,0.23,0.28,0.37,0.02,0.51,0.57,0.65
Carcharhinus signatus,0.14,0.62,0.87,1.22,0.09,0.13,0.29,0.52,0.04,0.22,0.26,0.37,0.02,0.58,0.61,0.68
Carcharhinus tilstoni,0,0,0,0,0.17,0,0.26,0.51,0.01,0.25,0.26,0.3,0.01,0.64,0.65,0.66
Carcharias taurus,0.23,0.39,0.85,1.3,0.17,0,0.27,0.59,0.03,0.23,0.29,0.41,0.03,0.51,0.57,0.67
Carcharodon carcharias,0.19,0.33,0.93,1.36,0.14,0,0.37,0.7,0.03,0.18,0.24,0.37,0.02,0.65,0.68,0.76
Caretta caretta,0.1,0.51,0.84,1.3,0.07,0,0.16,0.51,0.02,0.3,0.38,0.42,0.01,0.69,0.73,0.76
Centrolophus niger,0,0,0,0,0.11,0.07,0.38,0.7,0.05,0.21,0.33,0.42,0.03,0.57,0.64,0.72
Cephalorhynchus commersonii,0,0,0,0,0.16,0.13,0.38,0.58,0.02,0.25,0.28,0.3,0.01,0.6,0.62,0.63
Cephalorhynchus eutropia,0.11,0.46,0.62,0.76,0.15,0.13,0.32,0.51,0.02,0.39,0.41,0.45,0.02,0.65,0.67,0.71
Cephalorhynchus heavisidii,0.12,0.42,0.63,0.76,0.15,0.07,0.33,0.51,0.01,0.41,0.42,0.43,0.01,0.65,0.66,0.67
Cephalorhynchus hectori,0.35,0.96,1.36,1.62,0.22,0.07,0.3,0.47,0.02,0.36,0.38,0.4,0.01,0.62,0.63,0.65
Cetorhinus maximus,0.18,0.47,1.1,1.49,0.14,0,0.38,0.8,0.03,0.3,0.36,0.45,0.02,0.67,0.71,0.79
Cheilinus undulatus,0.17,0.97,1.15,1.47,0.11,0.18,0.29,0.51,0,0.23,0.24,0.25,0.01,0.52,0.54,0.55
Chelonia mydas,0.24,0.77,1.3,1.88,0.13,0,0.22,0.66,0.02,0.37,0.43,0.46,0.01,0.8,0.82,0.85
Clarias macrocephalus,0.03,0.81,0.83,0.86,0.06,0.41,0.45,0.48,0.01,0.59,0.59,0.6,0,0.75,0.75,0.76
Conger conger,0,0,0,0,0.14,0.13,0.43,0.67,0.03,0.24,0.29,0.35,0.03,0.59,0.62,0.7
Conger myriaster,NA,Inf,NA,-Inf,0.17,0,0.35,0.57,0.03,0.41,0.46,0.5,0.03,0.59,0.63,0.7
Cystophora cristata,0.1,1.09,1.3,1.49,0.11,0.2,0.42,0.61,0.06,0.4,0.5,0.62,0.05,0.63,0.72,0.81
Delphinapterus leucas,0,0,0,0,0.11,0.27,0.55,0.79,0.02,0.25,0.29,0.38,0.02,0.63,0.68,0.74
Delphinus capensis,NA,Inf,NA,-Inf,0.16,0,0.26,0.64,0.02,0.16,0.21,0.25,0.01,0.58,0.6,0.63
Delphinus delphis,0,0,0,0,0.16,0,0.28,0.71,0.04,0.24,0.35,0.47,0.03,0.56,0.62,0.75
Dermochelys coriacea,0.21,0.55,1.07,1.44,0.16,0,0.37,0.71,0.02,0.27,0.36,0.42,0.01,0.68,0.73,0.76
Dipturus batis,0.23,1.06,1.9,2.25,0.12,0,0.36,0.56,0.03,0.41,0.45,0.49,0.03,0.62,0.68,0.73
Dissostichus mawsoni,NA,Inf,NA,-Inf,0.17,0.2,0.49,0.76,0.09,0.22,0.35,0.47,0.1,0.44,0.58,0.72
Dosidicus gigas,NA,Inf,NA,-Inf,0.11,0.14,0.25,0.4,0.01,0.23,0.24,0.26,0.01,0.47,0.49,0.5
Dugong dugon,0.13,0.69,1.02,1.2,0.1,0.07,0.3,0.44,0.01,0.36,0.38,0.4,0,0.79,0.8,0.81
Elagatis bipinnulata,0,0,0,0,0.09,0.32,0.42,0.68,0.06,0.24,0.3,0.44,0.06,0.51,0.56,0.69
Eleutheronema tetradactylum,NA,Inf,NA,-Inf,0.03,0.2,0.26,0.28,0.01,0.37,0.38,0.39,0,0.65,0.65,0.66
Enhydra lutris,0.24,0.84,1.39,1.75,0.16,0,0.32,0.58,0.03,0.31,0.37,0.43,0.02,0.71,0.74,0.78
Enteroctopus dofleini,0,0,0,0,0.11,0.14,0.18,0.49,0.01,0.24,0.25,0.26,0.01,0.5,0.51,0.52
Epinephelus chabaudi,0,0,0,0,0.13,0.07,0.33,0.49,0.01,0.43,0.45,0.47,0.01,0.72,0.73,0.74
Epinephelus daemelii,0.1,0.44,0.74,0.87,0.14,0.07,0.41,0.6,0.02,0.44,0.49,0.52,0.02,0.66,0.7,0.72
Epinephelus goreensis,0.12,0.35,0.68,0.84,0.16,0,0.38,0.59,0.01,0.41,0.43,0.46,0.01,0.64,0.65,0.68
Epinephelus itajara,0.14,0.6,1.19,1.32,0.1,0,0.39,0.5,0.01,0.41,0.44,0.46,0.01,0.69,0.7,0.72
Epinephelus lanceolatus,NA,Inf,NA,-Inf,0.11,0.07,0.4,0.66,0.02,0.36,0.4,0.44,0.01,0.68,0.71,0.74
Epinephelus latifasciatus,0,0,0,0,0.15,0,0.33,0.61,0.02,0.37,0.42,0.48,0.02,0.56,0.61,0.66
Epinephelus magniscuttis,0,0,0,0,0.16,0.07,0.38,0.57,0.01,0.53,0.56,0.59,0.02,0.61,0.64,0.67
Epinephelus malabaricus,0,0,0,0,0.16,0,0.4,0.67,0.02,0.28,0.35,0.39,0.02,0.54,0.6,0.63
Epinephelus marginatus,0.19,0.75,1.11,1.43,0.16,0.07,0.34,0.64,0.03,0.38,0.42,0.5,0.03,0.56,0.61,0.67
Epinephelus tukula,0,0,0,0,0.15,0.07,0.4,0.67,0.02,0.37,0.42,0.46,0.02,0.56,0.61,0.65
Eretmochelys imbricata,0.18,0.88,1.85,2.19,0.1,0,0.39,0.67,0.02,0.29,0.39,0.43,0.01,0.7,0.75,0.78
Erignathus barbatus,0,0,0,0,0.08,0.26,0.54,0.72,0.06,0.17,0.39,0.51,0.04,0.51,0.7,0.78
Erilepis zonifer,NA,Inf,NA,-Inf,0.02,0.2,0.27,0.28,0.01,0.36,0.37,0.38,0.01,0.61,0.62,0.63
Eschrichtius robustus,0,0,0,0,0.15,0,0.4,0.7,0.02,0.23,0.27,0.31,0.01,0.62,0.65,0.67
Eubalaena australis,0,0,0,0,0.12,0,0.3,0.64,0.01,0.37,0.42,0.46,0.02,0.61,0.66,0.71
Eubalaena glacialis,0.2,0.84,1.47,1.95,0.13,0,0.33,0.67,0.03,0.35,0.41,0.47,0.02,0.63,0.68,0.71
Eubalaena japonica,0.2,0.82,1.53,1.88,0.13,0,0.36,0.62,0.01,0.38,0.41,0.45,0.01,0.67,0.69,0.71
Eumetopias jubatus,0.09,0.48,0.63,0.81,0.12,0.07,0.31,0.53,0.04,0.35,0.44,0.55,0.03,0.65,0.72,0.79
Eusphyra blochii,0.32,0.58,1.15,1.63,0.18,0,0.27,0.62,0.01,0.26,0.28,0.3,0.01,0.54,0.57,0.6
Feresa attenuata,0,0,0,0,0.14,0,0.28,0.65,0.04,0.21,0.27,0.35,0.02,0.53,0.58,0.63
Gadus morhua,0.11,0.69,0.98,1.04,0.09,0.2,0.43,0.51,0.01,0.21,0.22,0.24,0.01,0.5,0.51,0.53
Galeocerdo cuvier,0.13,0.2,0.46,0.75,0.16,0,0.28,0.63,0.02,0.21,0.25,0.37,0.02,0.59,0.64,0.73
Gasterochisma melampus,0,0,0,0,0.14,0.03,0.39,0.7,0.03,0.14,0.2,0.26,0.02,0.56,0.6,0.65
Ginglymostoma cirratum,NA,Inf,NA,-Inf,0.12,0,0.3,0.59,0.02,0.35,0.38,0.44,0.01,0.66,0.69,0.73
Glaucostegus cemiculus,0.13,0.96,1.25,1.47,0.09,0.14,0.31,0.49,0.02,0.24,0.28,0.32,0.02,0.56,0.59,0.62
Globicephala macrorhynchus,0,0,0,0,0.15,0,0.3,0.65,0.03,0.34,0.41,0.48,0.03,0.56,0.62,0.67
Globicephala melas,0,0,0,0,0.14,0,0.31,0.65,0.03,0.31,0.38,0.49,0.03,0.52,0.6,0.69
Grampus griseus,0,0,0,0,0.16,0,0.32,0.65,0.05,0.22,0.32,0.45,0.03,0.5,0.58,0.69
Gymnosarda unicolor,0,0,0,0,0.09,0.13,0.35,0.58,0.02,0.25,0.31,0.37,0.02,0.47,0.54,0.6
Gymnura altavela,0.17,0.54,1.01,1.32,0.14,0,0.34,0.65,0.03,0.28,0.34,0.42,0.03,0.52,0.58,0.64
Gymnura natalensis,NA,Inf,NA,-Inf,0.11,0,0.2,0.35,0.02,0.31,0.34,0.35,0.01,0.59,0.61,0.62
Halichoerus grypus,0,0,0,0,0.13,0.2,0.42,0.73,0.04,0.31,0.42,0.51,0.03,0.65,0.72,0.76
Hexanchus griseus,0.14,0.19,0.51,0.82,0.15,0,0.33,0.65,0.05,0.21,0.27,0.41,0.03,0.59,0.65,0.73
Hexanchus nakamurai,NA,Inf,NA,-Inf,0.15,0,0.27,0.58,0.03,0.28,0.34,0.42,0.03,0.52,0.58,0.65
Himantura uarnak,0.2,0.57,1.05,1.44,0.16,0,0.33,0.67,0.02,0.31,0.37,0.42,0.01,0.62,0.67,0.7
Hippoglossus hippoglossus,0.05,1.19,1.27,1.38,0.04,0.36,0.39,0.47,0.01,0.2,0.21,0.22,0.01,0.53,0.55,0.56
Hippoglossus stenolepis,NA,Inf,NA,-Inf,0.09,0.2,0.41,0.46,0.01,0.24,0.26,0.27,0,0.47,0.47,0.48
Histriophoca fasciata,0,0,0,0,0.16,0.07,0.42,0.73,0.06,0.26,0.42,0.52,0.04,0.58,0.7,0.78
Hucho taimen,0.09,1.41,1.48,1.67,0.09,0.45,0.64,0.79,0.07,0.39,0.47,0.57,0.04,0.73,0.78,0.83
Huso huso,0.09,1.58,1.7,1.83,0.05,0.27,0.39,0.42,0.09,0.21,0.29,0.45,0.11,0.4,0.54,0.72
Hydrurga leptonyx,0,0,0,0,0.07,0.35,0.45,0.63,0.04,0.25,0.38,0.49,0.02,0.65,0.72,0.76
Hypanus americanus,NA,Inf,NA,-Inf,0.18,0,0.34,0.58,0.01,0.32,0.35,0.37,0.02,0.56,0.59,0.61
Hypanus dipterurus,NA,Inf,NA,-Inf,0.15,0,0.25,0.48,0.02,0.34,0.37,0.4,0.02,0.57,0.61,0.63
Hyperoglyphe antarctica,NA,Inf,NA,-Inf,0.14,0.21,0.37,0.51,0.01,0.29,0.3,0.3,0.01,0.49,0.51,0.52
Hyperoodon ampullatus,NA,Inf,NA,-Inf,0.14,0,0.34,0.67,0.02,0.31,0.4,0.46,0.02,0.55,0.63,0.67
Hyperoodon planifrons,0,0,0,0,0.16,0,0.37,0.61,0.03,0.32,0.38,0.47,0.04,0.52,0.6,0.69
Hyporthodus ergastularius,0.04,0.68,0.75,0.79,0.06,0.36,0.48,0.55,0.03,0.4,0.43,0.48,0.02,0.6,0.62,0.66
Hyporthodus mystacinus,0,0,0,0,0.11,0.2,0.39,0.62,0.02,0.4,0.44,0.5,0.02,0.6,0.63,0.68
Hyporthodus nigritus,0.08,0.42,0.6,0.78,0.11,0.13,0.35,0.59,0.02,0.32,0.35,0.39,0.01,0.58,0.59,0.62
Hyporthodus octofasciatus,0,0,0,0,0.17,0,0.38,0.66,0.02,0.52,0.56,0.6,0.02,0.6,0.64,0.67
Hyporthodus septemfasciatus,NA,Inf,NA,-Inf,0.21,0,0.28,0.6,0.02,0.44,0.47,0.51,0.02,0.64,0.66,0.7
Icosteus aenigmaticus,NA,Inf,NA,-Inf,0.13,0.23,0.35,0.72,0.04,0.26,0.31,0.42,0.05,0.46,0.51,0.63
Indopacetus pacificus,NA,Inf,NA,-Inf,0.16,0,0.33,0.65,0.03,0.34,0.42,0.47,0.02,0.56,0.62,0.66
Istiompax indica,NA,Inf,NA,-Inf,0.16,0,0.25,0.7,0.03,0.17,0.23,0.34,0.01,0.58,0.6,0.66
Istiophorus albicans,NA,Inf,NA,-Inf,0.16,0.2,0.45,0.7,0.05,0.26,0.37,0.43,0.04,0.63,0.71,0.78
Istiophorus platypterus,0,0,0,0,0.11,0,0.36,0.65,0.02,0.22,0.25,0.34,0.02,0.55,0.61,0.66
Isurus oxyrinchus,0.18,0.43,0.94,1.36,0.13,0,0.31,0.67,0.02,0.26,0.3,0.41,0.01,0.62,0.65,0.73
Kajikia albida,0.14,0.42,1.03,1.29,0.1,0,0.36,0.56,0.04,0.22,0.32,0.42,0.03,0.53,0.6,0.68
Kajikia audax,0.07,0.27,0.63,0.81,0.09,0,0.39,0.63,0.04,0.25,0.36,0.47,0.04,0.47,0.59,0.69
Kogia breviceps,NA,Inf,NA,-Inf,0.14,0,0.29,0.65,0.03,0.28,0.42,0.48,0.03,0.54,0.64,0.69
Kogia sima,NA,Inf,NA,-Inf,0.14,0,0.28,0.67,0.04,0.3,0.41,0.52,0.03,0.51,0.6,0.69
Lagenodelphis hosei,0,0,0,0,0.13,0,0.28,0.63,0.05,0.25,0.33,0.45,0.03,0.52,0.59,0.66
Lagenorhynchus acutus,0,0,0,0,0.14,0.13,0.42,0.68,0.03,0.21,0.33,0.41,0.02,0.54,0.63,0.66
Lagenorhynchus albirostris,0,0,0,0,0.14,0.14,0.41,0.69,0.03,0.09,0.17,0.29,0.01,0.59,0.65,0.68
Lagenorhynchus australis,NA,Inf,NA,-Inf,0.12,0.07,0.29,0.45,0.02,0.31,0.34,0.37,0.02,0.58,0.61,0.64
Lagenorhynchus cruciger,0,0,0,0,0.16,0,0.38,0.63,0.05,0.16,0.24,0.34,0.03,0.55,0.6,0.68
Lagenorhynchus obliquidens,0,0,0,0,0.17,0,0.33,0.64,0.04,0.3,0.36,0.47,0.03,0.51,0.57,0.64
Lagenorhynchus obscurus,NA,Inf,NA,-Inf,0.15,0,0.3,0.54,0.04,0.21,0.28,0.36,0.02,0.49,0.55,0.59
Lamna ditropis,0,0,0,0,0.16,0,0.4,0.63,0.05,0.18,0.26,0.38,0.04,0.62,0.67,0.75
Lamna nasus,0.21,0.46,1.19,1.57,0.14,0,0.4,0.74,0.07,0.27,0.42,0.54,0.06,0.54,0.68,0.8
Lampris guttatus,0,0,0,0,0.11,0,0.43,0.67,0.05,0.17,0.23,0.37,0.04,0.55,0.6,0.71
Lates calcarifer,NA,Inf,NA,-Inf,0.09,0.13,0.29,0.43,0.01,0.48,0.49,0.5,0.01,0.72,0.73,0.74
Latimeria chalumnae,0.01,2.02,2.02,2.04,0,0.73,0.73,0.73,0,0.23,0.23,0.24,0,0.56,0.57,0.57
Lepidochelys kempii,0.09,1.57,1.67,2.08,0.06,0.27,0.29,0.56,0.02,0.32,0.37,0.4,0.01,0.7,0.72,0.74
Lepidochelys olivacea,0.09,0.72,1.03,1.35,0.09,0.15,0.36,0.69,0.01,0.24,0.31,0.35,0.01,0.68,0.71,0.73
Lepidocybium flavobrunneum,0,0,0,0,0.11,0.03,0.37,0.64,0.03,0.22,0.28,0.42,0.02,0.58,0.62,0.72
Leptonychotes weddellii,0,0,0,0,0.07,0.3,0.55,0.71,0.05,0.22,0.37,0.5,0.03,0.61,0.71,0.77
Lichia amia,0,0,0,0,0.14,0,0.27,0.6,0.02,0.32,0.4,0.45,0.01,0.64,0.67,0.69
Lissodelphis borealis,0,0,0,0,0.19,0,0.3,0.56,0.02,0.22,0.26,0.33,0.02,0.52,0.55,0.6
Lissodelphis peronii,0,0,0,0,0.16,0,0.31,0.63,0.03,0.21,0.26,0.39,0.02,0.49,0.54,0.62
Lithognathus lithognathus,0.1,1.39,1.5,1.62,0.07,0.27,0.34,0.42,0.01,0.4,0.41,0.42,0.01,0.69,0.7,0.71
Lobodon carcinophaga,0,0,0,0,0.1,0.28,0.52,0.7,0.04,0.3,0.4,0.46,0.01,0.72,0.75,0.78
Lophius piscatorius,0,0,0,0,0.13,0.14,0.42,0.65,0.01,0.26,0.28,0.32,0.02,0.64,0.66,0.71
Lutjanus agennes,NA,Inf,NA,-Inf,0.03,0.2,0.22,0.27,0.02,0.49,0.5,0.53,0.01,0.76,0.77,0.79
Lutjanus cyanopterus,0.16,0.63,1.08,1.33,0.12,0,0.28,0.48,0.01,0.42,0.44,0.48,0.01,0.7,0.71,0.74
Lutjanus dentatus,NA,Inf,NA,-Inf,0.08,0.2,0.42,0.48,0.01,0.55,0.55,0.58,0.01,0.7,0.71,0.73
Luvarus imperialis,0,0,0,0,0.14,0,0.42,0.67,0.02,0.29,0.32,0.38,0.01,0.68,0.71,0.73
Makaira nigricans,0.12,0.47,1.09,1.31,0.1,0,0.41,0.63,0.02,0.27,0.33,0.41,0.01,0.54,0.6,0.67
Masturus lanceolatus,0,0,0,0,0.1,0.03,0.38,0.65,0.05,0.23,0.34,0.45,0.04,0.43,0.53,0.62
Megachasma pelagios,0,0,0,0,0.14,0,0.27,0.63,0.02,0.39,0.43,0.49,0.01,0.65,0.68,0.72
Megalops atlanticus,0.28,0.48,0.7,1.28,0.19,0,0.13,0.58,0.01,0.31,0.33,0.37,0.01,0.74,0.75,0.78
Megaptera novaeangliae,0,0,0,0,0.17,0,0.34,0.77,0.03,0.23,0.29,0.44,0.03,0.64,0.71,0.8
Mesoplodon bidens,NA,Inf,NA,-Inf,0.13,0,0.36,0.65,0.03,0.24,0.35,0.43,0.02,0.52,0.6,0.66
Mesoplodon bowdoini,NA,Inf,NA,-Inf,0.14,0,0.27,0.56,0.03,0.23,0.3,0.41,0.02,0.48,0.55,0.64
Mesoplodon carlhubbsi,NA,Inf,NA,-Inf,0.15,0,0.27,0.56,0.03,0.34,0.39,0.49,0.02,0.54,0.59,0.65
Mesoplodon densirostris,NA,Inf,NA,-Inf,0.15,0,0.26,0.71,0.03,0.24,0.37,0.47,0.03,0.52,0.61,0.68
Mesoplodon europaeus,NA,Inf,NA,-Inf,0.16,0,0.27,0.65,0.03,0.35,0.42,0.48,0.03,0.57,0.61,0.66
Mesoplodon ginkgodens,NA,Inf,NA,-Inf,0.14,0,0.3,0.66,0.03,0.33,0.41,0.47,0.03,0.53,0.6,0.65
Mesoplodon grayi,NA,Inf,NA,-Inf,0.14,0,0.31,0.67,0.03,0.29,0.35,0.46,0.03,0.51,0.58,0.65
Mesoplodon hectori,NA,Inf,NA,-Inf,0.13,0,0.27,0.63,0.03,0.23,0.31,0.42,0.03,0.48,0.55,0.64
Mesoplodon layardii,NA,Inf,NA,-Inf,0.16,0,0.34,0.69,0.04,0.17,0.22,0.36,0.03,0.45,0.51,0.59
Mesoplodon mirus,NA,Inf,NA,-Inf,0.15,0,0.29,0.58,0.05,0.23,0.3,0.42,0.04,0.5,0.56,0.64
Mesoplodon perrini,NA,Inf,NA,-Inf,0.18,0.2,0.4,0.56,0.02,0.41,0.43,0.44,0.01,0.6,0.62,0.62
Mesoplodon peruvianus,NA,Inf,NA,-Inf,0.12,0,0.26,0.5,0.02,0.39,0.44,0.49,0.02,0.58,0.62,0.66
Mesoplodon stejnegeri,NA,Inf,NA,-Inf,0.18,0.07,0.39,0.6,0.02,0.3,0.36,0.41,0.02,0.51,0.58,0.62
Mesoplodon traversii,NA,Inf,NA,-Inf,0.13,0,0.34,0.59,0.03,0.26,0.34,0.42,0.03,0.46,0.55,0.61
Mirounga angustirostris,0,0,0,0,0.18,0.07,0.27,0.56,0.03,0.25,0.33,0.4,0.01,0.69,0.72,0.76
Mirounga leonina,0,0,0,0,0.11,0.15,0.37,0.74,0.05,0.17,0.26,0.39,0.01,0.67,0.7,0.74
Mobula birostris,0.18,0.51,1.09,1.41,0.15,0,0.39,0.67,0.02,0.32,0.35,0.41,0.01,0.66,0.69,0.72
Mobula tarapacana,0.18,0.49,0.99,1.3,0.14,0,0.32,0.59,0.02,0.31,0.33,0.41,0.01,0.69,0.71,0.77
Mola mola,0.15,0.42,1.08,1.44,0.1,0,0.38,0.68,0.05,0.24,0.34,0.54,0.05,0.47,0.57,0.75
Molva molva,NA,Inf,NA,-Inf,0.01,0.24,0.25,0.28,0.01,0.27,0.28,0.29,0,0.55,0.56,0.56
Monachus monachus,0.11,1.54,1.76,1.92,0.07,0.2,0.34,0.45,0.01,0.62,0.64,0.65,0,0.81,0.82,0.82
Monodon monoceros,0,0,0,0,0.08,0.39,0.6,0.77,0.03,0.29,0.34,0.4,0.02,0.65,0.69,0.74
Morone saxatilis,0,0,0,0,0.16,0,0.45,0.77,0.09,0.18,0.52,0.62,0.07,0.44,0.77,0.87
Mycteroperca bonaci,0.09,0.49,0.7,0.88,0.12,0.13,0.4,0.6,0.02,0.43,0.45,0.51,0.01,0.65,0.67,0.72
Mycteroperca jordani,0.04,1.63,1.68,1.73,0.02,0.38,0.41,0.44,0.02,0.46,0.47,0.5,0.01,0.71,0.72,0.74
Mycteroperca rubra,0,0,0,0,0.16,0,0.37,0.59,0.01,0.41,0.42,0.45,0.01,0.62,0.64,0.67
Mycteroperca xenarcha,NA,Inf,NA,-Inf,0.07,0.27,0.41,0.5,0.03,0.42,0.46,0.52,0.02,0.61,0.66,0.7
Myliobatis californicus,0,0,0,0,0.14,0.07,0.35,0.53,0.03,0.27,0.3,0.35,0.02,0.63,0.65,0.67
Myliobatis tenuicaudatus,0,0,0,0,0.13,0.02,0.23,0.43,0.02,0.28,0.32,0.35,0.01,0.63,0.65,0.68
Negaprion acutidens,0.17,0.28,0.68,1.02,0.12,0,0.23,0.5,0.02,0.16,0.18,0.22,0.01,0.58,0.63,0.66
Negaprion brevirostris,0.08,0.27,0.53,0.76,0.11,0,0.29,0.54,0.02,0.29,0.32,0.39,0.01,0.66,0.68,0.73
Nematistius pectoralis,NA,Inf,NA,-Inf,0,0.21,0.21,0.21,0,0.35,0.36,0.37,0.01,0.54,0.55,0.57
Neomonachus schauinslandi,0.01,1.24,1.26,1.27,0,0.07,0.07,0.07,0.01,0.62,0.65,0.66,0.01,0.82,0.83,0.83
Neophoca cinerea,0.13,1.4,1.65,1.81,0.08,0.13,0.28,0.38,0.01,0.61,0.62,0.64,0.01,0.81,0.82,0.83
Neophocaena phocaenoides,0.29,0.63,0.9,1.36,0.2,0,0.18,0.56,0.01,0.42,0.45,0.48,0.01,0.69,0.71,0.74
Notorynchus cepedianus,NA,Inf,NA,-Inf,0.14,0,0.32,0.56,0.04,0.23,0.31,0.4,0.02,0.65,0.69,0.74
Odobenus rosmarus,0.1,0.98,1.31,1.46,0.1,0.3,0.55,0.77,0.06,0.16,0.39,0.48,0.04,0.52,0.7,0.76
Odontaspis ferox,0.18,0.44,0.87,1.26,0.13,0,0.27,0.58,0.02,0.26,0.29,0.38,0.01,0.57,0.6,0.65
Ommatophoca rossii,0,0,0,0,0.07,0.39,0.48,0.63,0.05,0.22,0.35,0.43,0.02,0.6,0.68,0.72
Oncorhynchus tshawytscha,NA,Inf,NA,-Inf,0.03,0.2,0.27,0.29,0.01,0.48,0.49,0.5,0,0.67,0.68,0.68
Ophiodon elongatus,NA,Inf,NA,-Inf,0.15,0.14,0.29,0.66,0.01,0.28,0.3,0.31,0.01,0.53,0.54,0.55
Orcaella brevirostris,0.41,0.62,1.07,1.6,0.22,0,0.22,0.56,0.01,0.29,0.3,0.32,0,0.7,0.71,0.72
Orcaella heinsohni,0.3,0.61,1.02,1.38,0.24,0,0.3,0.61,0.01,0.39,0.41,0.43,0.01,0.65,0.66,0.67
Orcinus orca,NA,Inf,NA,-Inf,0.19,0,0.36,0.84,0.05,0.19,0.32,0.49,0.03,0.54,0.64,0.76
Otaria byronia,0,0,0,0,0.1,0.07,0.31,0.47,0.01,0.51,0.53,0.55,0.01,0.76,0.78,0.8
Pagophilus groenlandicus,0,0,0,0,0.11,0.13,0.47,0.73,0.06,0.15,0.35,0.49,0.04,0.53,0.69,0.75
Pateobatis jenkinsii,0.21,0.5,1,1.3,0.16,0,0.32,0.57,0.01,0.32,0.34,0.37,0.01,0.56,0.58,0.6
Peponocephala electra,0,0,0,0,0.16,0,0.25,0.52,0.03,0.35,0.42,0.47,0.02,0.56,0.62,0.67
Petrus rupestris,0.21,1.31,1.62,1.79,0.13,0.2,0.37,0.48,0.02,0.44,0.47,0.49,0.02,0.65,0.68,0.7
Phoca largha,0,0,0,0,0.17,0.07,0.38,0.63,0.06,0.23,0.41,0.49,0.04,0.6,0.74,0.79
Phoca vitulina,0,0,0,0,0.15,0.07,0.42,0.71,0.06,0.24,0.37,0.48,0.04,0.64,0.74,0.79
Phocarctos hookeri,0.15,1.51,1.71,1.93,0.11,0.2,0.35,0.54,0.02,0.54,0.57,0.61,0.01,0.77,0.8,0.82
Phocoena dioptrica,0,0,0,0,0.12,0.13,0.39,0.63,0.03,0.24,0.29,0.37,0.03,0.49,0.55,0.61
Phocoena phocoena,0,0,0,0,0.15,0,0.46,0.75,0.04,0.21,0.34,0.48,0.03,0.54,0.64,0.75
Phocoena sinus,NA,1.84,1.84,1.84,NA,0.31,0.31,0.31,NA,0.45,0.45,0.45,NA,0.73,0.73,0.73
Phocoena spinipinnis,0.14,0.1,0.41,0.65,0.17,0,0.34,0.63,0.02,0.09,0.13,0.18,0.01,0.6,0.62,0.64
Phocoenoides dalli,0,0,0,0,0.18,0.07,0.39,0.75,0.03,0.22,0.28,0.35,0.04,0.52,0.57,0.64
Physeter macrocephalus,0.21,0.55,1.04,1.49,0.17,0,0.32,0.75,0.05,0.25,0.38,0.52,0.04,0.47,0.59,0.7
Pogonias cromis,0,0,0,0,0.12,0.13,0.3,0.5,0.03,0.32,0.36,0.42,0.03,0.56,0.59,0.65
Polydactylus macrochir,NA,Inf,NA,-Inf,0.01,0.2,0.2,0.24,0,0.32,0.33,0.34,0,0.63,0.63,0.64
Polydactylus quadrifilis,0,0,0,0,0.17,0,0.26,0.47,0.01,0.46,0.47,0.5,0.01,0.7,0.7,0.73
Polyprion americanus,NA,Inf,NA,-Inf,0.14,0.07,0.37,0.61,0.05,0.3,0.38,0.49,0.04,0.54,0.62,0.7
Polyprion oxygeneios,NA,Inf,NA,-Inf,0.09,0.2,0.24,0.47,0.01,0.24,0.26,0.28,0.02,0.52,0.55,0.59
Pontoporia blainvillei,0.26,0.65,0.9,1.23,0.18,0,0.17,0.41,0.02,0.42,0.45,0.47,0.01,0.7,0.71,0.72
Prionace glauca,0.13,0.12,0.41,0.73,0.14,0,0.27,0.68,0.04,0.13,0.19,0.33,0.02,0.61,0.64,0.72
Pristis pectinata,0.26,1.6,1.99,2.34,0.15,0.13,0.34,0.56,0.01,0.53,0.55,0.56,0.01,0.78,0.79,0.8
Pristis pristis,0.36,1.16,1.88,2.38,0.17,0,0.29,0.57,0.01,0.53,0.56,0.59,0.01,0.78,0.8,0.81
Probarbus jullieni,NA,1.81,1.81,1.81,NA,0.49,0.49,0.49,NA,0.49,0.49,0.49,NA,0.86,0.86,0.86
Pseudorca crassidens,0.1,0.32,0.56,0.79,0.13,0,0.25,0.62,0.03,0.31,0.41,0.48,0.02,0.58,0.65,0.7
Pteroplatytrygon violacea,0,0,0,0,0.15,0,0.26,0.55,0.04,0.22,0.3,0.42,0.03,0.53,0.59,0.7
Pusa caspica,0.01,2.09,2.1,2.1,0,0.71,0.71,0.71,0.01,0.53,0.54,0.54,0,0.78,0.78,0.79
Pusa hispida,0,0,0,0,0.17,0,0.48,0.75,0.1,0.2,0.49,0.64,0.06,0.5,0.72,0.81
Rachycentron canadum,0,0,0,0,0.13,0,0.36,0.67,0.03,0.27,0.35,0.47,0.02,0.52,0.59,0.7
Regalecus glesne,0,0,0,0,0.12,0,0.43,0.67,0.02,0.39,0.43,0.49,0.01,0.65,0.68,0.73
Rhina ancylostoma,0.23,0.61,1.07,1.42,0.17,0,0.3,0.62,0.01,0.41,0.43,0.45,0.01,0.66,0.69,0.71
Rhincodon typus,0.22,0.65,1.49,1.83,0.14,0,0.42,0.67,0.02,0.3,0.34,0.4,0.01,0.65,0.68,0.71
Rhynchobatus djiddensis,0.26,0.5,0.95,1.27,0.2,0,0.31,0.57,0.02,0.28,0.32,0.35,0.02,0.54,0.58,0.6
Rostroraja alba,0.32,0.73,1.38,1.72,0.18,0,0.32,0.55,0.02,0.33,0.37,0.42,0.01,0.66,0.67,0.7
Ruvettus pretiosus,0,0,0,0,0.13,0,0.42,0.67,0.03,0.26,0.31,0.39,0.02,0.55,0.58,0.65
Salmo salar,0,0,0,0,0.08,0.44,0.63,0.69,0.01,0.47,0.48,0.49,0.01,0.66,0.67,0.67
Salmo trutta,0,0,0,0,0.12,0.3,0.49,0.71,0.09,0.2,0.47,0.57,0.1,0.4,0.74,0.83
Sciades parkeri,0.1,1.05,1.2,1.27,0.09,0.27,0.39,0.44,0,0.43,0.44,0.45,0.01,0.63,0.65,0.65
Sciaenops ocellatus,0,0,0,0,0.14,0,0.26,0.45,0.01,0.32,0.34,0.35,0.01,0.56,0.57,0.59
Scomberomorus cavalla,0,0,0,0,0.09,0.13,0.36,0.5,0.03,0.29,0.32,0.39,0.02,0.53,0.55,0.61
Scomberomorus commerson,0.08,0.34,0.62,0.76,0.11,0.07,0.42,0.64,0.03,0.25,0.31,0.46,0.03,0.47,0.54,0.67
Seriola dumerili,0,0,0,0,0.1,0,0.34,0.63,0.03,0.24,0.31,0.42,0.02,0.49,0.55,0.65
Seriola hippos,0,0,0,0,0.15,0.03,0.3,0.47,0.03,0.25,0.32,0.36,0.02,0.56,0.6,0.63
Seriola lalandi,0,0,0,0,0.13,0.07,0.37,0.62,0.02,0.27,0.3,0.36,0.01,0.58,0.61,0.64
Seriola rivoliana,0,0,0,0,0.1,0.14,0.46,0.64,0.05,0.23,0.28,0.39,0.06,0.48,0.54,0.66
Silurus glanis,0,0,0,0,0.12,0.2,0.46,0.65,0.04,0.22,0.29,0.32,0.01,0.71,0.72,0.74
Somniosus microcephalus,0.11,0.26,0.66,0.84,0.12,0,0.42,0.67,0.04,0.29,0.37,0.46,0.04,0.58,0.68,0.77
Somniosus pacificus,NA,Inf,NA,-Inf,0.16,0,0.44,0.7,0.03,0.31,0.39,0.44,0.03,0.62,0.69,0.74
Sotalia guianensis,0.1,0.35,0.47,0.6,0.11,0,0.12,0.31,0.02,0.38,0.43,0.45,0.01,0.64,0.68,0.69
Sousa chinensis,0.27,0.52,0.87,1.26,0.19,0,0.22,0.52,0.01,0.34,0.36,0.38,0,0.73,0.74,0.75
Sousa teuszii,0.31,0.97,1.52,1.73,0.11,0,0.2,0.27,0.01,0.4,0.42,0.43,0,0.72,0.73,0.73
Sphyraena afra,0,0,0,0,0.13,0,0.26,0.44,0.01,0.27,0.28,0.33,0.01,0.54,0.56,0.58
Sphyraena barracuda,0,0,0,0,0.12,0,0.37,0.63,0.02,0.25,0.31,0.43,0.02,0.47,0.55,0.64
Sphyrna lewini,0.22,0.53,1.19,1.7,0.13,0,0.3,0.67,0.02,0.19,0.25,0.33,0.01,0.54,0.59,0.64
Sphyrna mokarran,0.23,0.62,1.19,1.74,0.12,0,0.25,0.65,0.02,0.24,0.31,0.38,0.02,0.47,0.54,0.61
Sphyrna zygaena,0.2,0.47,0.93,1.4,0.14,0,0.28,0.57,0.05,0.24,0.33,0.48,0.04,0.49,0.56,0.71
Squatina squatina,0.17,1.14,1.6,1.9,0.1,0.14,0.33,0.57,0.05,0.24,0.29,0.4,0.04,0.56,0.61,0.68
Stenella attenuata,0,0,0,0,0.1,0,0.25,0.5,0.05,0.22,0.32,0.44,0.03,0.55,0.61,0.67
Stenella clymene,0,0,0,0,0.07,0,0.25,0.34,0.05,0.24,0.34,0.41,0.03,0.55,0.61,0.66
Stenella coeruleoalba,0,0,0,0,0.09,0,0.25,0.57,0.04,0.26,0.35,0.46,0.03,0.56,0.63,0.69
Stenella frontalis,0,0,0,0,0.07,0,0.24,0.52,0.04,0.29,0.36,0.43,0.02,0.59,0.64,0.68
Stenella longirostris,0,0,0,0,0.09,0,0.21,0.46,0.05,0.22,0.33,0.45,0.03,0.52,0.58,0.66
Steno bredanensis,0,0,0,0,0.1,0,0.22,0.58,0.05,0.22,0.32,0.44,0.03,0.55,0.61,0.69
Stereolepis doederleini,NA,Inf,NA,-Inf,0.07,0.18,0.32,0.36,0,0.24,0.25,0.25,0,0.52,0.53,0.53
Stereolepis gigas,0.09,1.16,1.22,1.52,0.05,0.2,0.21,0.38,0.01,0.19,0.21,0.22,0.02,0.55,0.57,0.6
Taeniurops grabata,NA,Inf,NA,-Inf,0.15,0,0.31,0.65,0.03,0.33,0.38,0.45,0.03,0.59,0.65,0.71
Taeniurops meyeni,0.19,0.56,0.99,1.45,0.14,0,0.26,0.67,0.02,0.33,0.4,0.48,0.02,0.59,0.66,0.72
Tasmacetus shepherdi,NA,Inf,NA,-Inf,0.1,0,0.31,0.57,0.01,0.22,0.25,0.32,0.02,0.52,0.57,0.61
Tetrapturus angustirostris,NA,Inf,NA,-Inf,0.1,0,0.4,0.57,0.01,0.22,0.25,0.31,0.02,0.55,0.6,0.65
Tetrapturus belone,0,0,0,0,0.11,0.07,0.28,0.39,0.01,0.24,0.25,0.27,0.01,0.64,0.65,0.67
Tetrapturus pfluegeri,0,0,0,0,0.11,0.07,0.4,0.64,0.01,0.27,0.3,0.35,0.01,0.6,0.61,0.64
Tetronarce nobiliana,NA,Inf,NA,-Inf,0.15,0,0.32,0.61,0.01,0.28,0.29,0.33,0.01,0.61,0.63,0.66
Thunnus alalunga,0.1,0.22,0.51,0.78,0.13,0,0.33,0.7,0.02,0.22,0.25,0.36,0.02,0.55,0.6,0.71
Thunnus albacares,0.13,0.24,0.49,0.83,0.16,0,0.26,0.68,0.02,0.27,0.31,0.4,0.01,0.6,0.62,0.67
Thunnus maccoyii,0.4,0.72,1.6,2.31,0.19,0,0.32,0.7,0.04,0.26,0.32,0.42,0.03,0.56,0.61,0.68
Thunnus obesus,0.24,0.37,0.84,1.32,0.18,0,0.29,0.7,0.02,0.22,0.25,0.35,0.02,0.55,0.6,0.69
Thunnus orientalis,0.27,0.37,0.85,1.34,0.19,0,0.29,0.67,0.03,0.22,0.26,0.38,0.03,0.57,0.6,0.73
Thunnus thynnus,0.29,0.58,1.24,1.89,0.16,0,0.28,0.68,0.04,0.26,0.32,0.43,0.04,0.58,0.63,0.75
Thyrsitoides marleyi,NA,Inf,NA,-Inf,0.1,0.21,0.4,0.51,0.01,0.25,0.26,0.27,0.01,0.36,0.39,0.41
Totoaba macdonaldi,0.01,0.76,0.78,0.79,0,0,0,0,0,0.28,0.29,0.29,0,0.66,0.67,0.67
Trachipterus arcticus,NA,Inf,NA,-Inf,0.11,0,0.4,0.63,0.06,0.27,0.41,0.57,0.06,0.51,0.64,0.79
Trichechus manatus,0.07,0.98,1.04,1.26,0.05,0.2,0.23,0.42,0.01,0.45,0.47,0.48,0,0.84,0.84,0.85
Trichechus senegalensis,0.12,0.99,1.09,1.26,0.1,0.2,0.28,0.42,0.01,0.45,0.46,0.47,0,0.84,0.84,0.84
Tridacna gigas,0.14,0.88,1.3,1.52,0.12,0.14,0.48,0.69,0.01,0.44,0.45,0.46,0.01,0.7,0.71,0.72
Tursiops aduncus,NA,Inf,NA,-Inf,0.11,0,0.25,0.45,0.02,0.3,0.36,0.4,0.01,0.64,0.68,0.7
Tursiops truncatus,0,0,0,0,0.11,0,0.24,0.63,0.01,0.24,0.28,0.34,0.01,0.6,0.64,0.69
Urogymnus polylepis,0.2,1.5,1.83,2.03,0.15,0.27,0.51,0.67,0.01,0.49,0.5,0.51,0,0.78,0.79,0.79
Ursus maritimus,0.15,0.87,1.4,1.65,0.1,0.21,0.64,0.82,0.1,0.27,0.4,0.57,0.04,0.66,0.76,0.83
Wallago attu,0.06,0.62,0.74,0.82,0.08,0.2,0.35,0.46,0.01,0.55,0.56,0.57,0.01,0.76,0.77,0.79
Xiphias gladius,0,0,0,0,0.12,0,0.43,0.7,0.05,0.21,0.29,0.42,0.02,0.57,0.62,0.71
Zalophus californianus,0,0,0,0,0.11,0.13,0.32,0.53,0.05,0.36,0.44,0.5,0.03,0.68,0.74,0.77
Zalophus wollebaeki,0,1.75,1.75,1.75,0,0.33,0.33,0.33,0,0.63,0.63,0.63,0,0.82,0.82,0.83
Ziphius cavirostris,0,0,0,0,0.12,0.07,0.27,0.74,0.05,0.26,0.39,0.52,0.04,0.46,0.59,0.68
